sigma,N,rule,window,MSE_mean,MSE_P05,MSE_P95,PSNR_mean,PSNR_P05,PSNR_P95,laplacian_variance_mean,laplacian_variance_P05,laplacian_variance_P95,dct_hf_energy_mean,dct_hf_energy_P05,dct_hf_energy_P95,selection_entropy_normalized_mean,selection_entropy_normalized_P05,selection_entropy_normalized_P95
0.01,1,maxfocus,3.0,9.997651534787683e-05,9.941647909799641e-05,0.000100610384324715,40.001053626702536,39.97357192073455,40.02541621845428,0.0023938844320099376,0.0023767466099364797,0.00240896219226414,0.000197920056236653,0.000196440279242035,0.00019933612370455999,0.0,0.0,0.0
0.01,1,maxfocus,7.0,9.997651534787683e-05,9.941647909799641e-05,0.000100610384324715,40.001053626702536,39.97357192073455,40.02541621845428,0.0023938844320099376,0.0023767466099364797,0.00240896219226414,0.000197920056236653,0.000196440279242035,0.00019933612370455999,0.0,0.0,0.0
0.01,1,mean,NA,9.997651534787683e-05,9.941647909799641e-05,0.000100610384324715,40.001053626702536,39.97357192073455,40.02541621845428,0.0023938844320099376,0.0023767466099364797,0.00240896219226414,0.000197920056236653,0.000196440279242035,0.00019933612370455999,,,
0.01,1,single,NA,9.997651534787683e-05,9.941647909799641e-05,0.000100610384324715,40.001053626702536,39.97357192073455,40.02541621845428,0.0023938844320099376,0.0023767466099364797,0.00240896219226414,0.000197920056236653,0.000196440279242035,0.00019933612370455999,,,
0.01,4,maxfocus,3.0,0.000141348076214002,0.00014072163985755999,0.000141999200377,38.4971205193157,38.477141020109535,38.51639112689529,0.0038449449999656466,0.003823277208795035,0.003865562693185345,0.000311971209909155,0.000309997537024435,0.00031366196772066496,0.9999512342146621,0.9998719022214548,0.999991831244731
0.01,4,maxfocus,7.0,0.00011671045841536198,0.000116027746211725,0.000117413168102945,39.32892707811308,39.302831934603425,39.35438143809711,0.0029861197581174,0.0029646571349284654,0.0030019110455956153,0.00024444304270454097,0.00024265910360194,0.00024587718731297,0.999779472799974,0.9993274428739374,0.9999721405507435
0.01,4,mean,NA,2.5006290304132002e-05,2.4861985937154433e-05,2.5154960766891382e-05,46.01953435208152,45.99376356521343,46.044641844565916,0.000900281975428218,0.0008954900470899901,0.000905073751480565,6.285316088259662e-05,6.240714360382469e-05,6.329674219451034e-05,,,
0.01,4,single,NA,0.00010005705051937558,9.954459498922427e-05,0.00010055486324202,39.99754754418835,39.97596920479145,40.01982317753594,0.002394636817698661,0.0023778657378509646,0.00241051105976389,0.00019797917096385598,0.00019666125297428,0.00019940410894935,,,
0.01,16,maxfocus,3.0,0.00018298410139806998,0.000182240510383285,0.00018375084677183,37.3758815126761,37.35770654287471,37.39355077054682,0.005270377095750847,0.00524498305902123,0.005300212563904145,0.0004163333300237721,0.000414412569651325,0.000418376802282685,0.9999066875393212,0.9998503996601183,0.9999494034458846
0.01,16,maxfocus,7.0,0.00013025854967879896,0.000129536202321515,0.00013093910273131,38.851966742352836,38.82930643826018,38.87608843639695,0.0034314158848260273,0.0034110266478343653,0.00345690720841951,0.000278623728210417,0.00027706254389842,0.00028054625193573996,0.9996231047448437,0.9993889181760486,0.9998286004867825
0.01,16,mean,NA,6.245976804982243e-06,6.216044935848191e-06,6.277724287597122e-06,52.04401495781158,52.02197762494612,52.064858554070355,0.000527172447198217,0.000525582170184285,0.000528899109323405,2.911139739027836e-05,2.8956821051328863e-05,2.92818080223371e-05,,,
0.01,16,single,NA,9.997139825851721e-05,9.943534773105547e-05,0.00010051645502507499,40.001269292217984,39.97762836377165,40.024592042751415,0.0023945342771213647,0.00237781727272715,0.00241053457546849,0.00019794644386122,0.00019641590105746,0.00019942439427924,,,
0.01,64,maxfocus,3.0,0.000227358268707814,0.00022668197224441001,0.0002283423769112,36.43290271193586,36.41413482798835,36.44583017520601,0.00675335193208502,0.0067198691167033395,0.00678715674950805,0.0005260709423461439,0.000522894838483935,0.0005286336843799651,0.9997937429869591,0.9997324842427845,0.999844949405057
0.01,64,maxfocus,7.0,0.000141843438718371,0.000141076743022535,0.00014273566286923,38.48193350507674,38.454675039640776,38.50544575256921,0.003800431047044385,0.0037774812417355947,0.0038243330588966697,0.00030700257665933895,0.000305036515033115,0.00030917470260708997,0.9992176424147238,0.9990206552047232,0.9994144109360303
0.01,64,mean,NA,1.5635840159215054e-06,1.5534893998006594e-06,1.5715059327926533e-06,58.05881590482328,58.036839758033324,58.08691706793083,0.00043370034261084803,0.00043280066159686,0.000434334800298075,2.065953582600172e-05,2.0577022230453162e-05,2.0729660270649368e-05,,,
0.01,64,single,NA,9.999638564998853e-05,9.938116623127518e-05,0.000100594209159305,40.00019117544591,39.97427021595989,40.026959111893326,0.002394328011634759,0.002380962579728005,0.002410988118808315,0.00019797701522665696,0.00019651105958513,0.00019972874892997,,,
0.01,128,maxfocus,3.0,0.000251239585921166,0.00025017408116072,0.00025214635326627503,35.99913166236511,35.98347309260764,36.01757687412832,0.007531048917216644,0.00749044725488083,0.007568659842657171,0.000584482734407188,0.000581912674896535,0.00058753067486829,0.9996803410452698,0.9996207521069177,0.9997435810990015
0.01,128,maxfocus,7.0,0.00014728944625256698,0.000146622317255525,0.00014807335675339,38.31830558635525,38.29523078554102,38.337999236533214,0.003976774021898177,0.0039471553279390795,0.00400573363578155,0.000320285430650718,0.00031838181038577,0.000322158379132625,0.9988059237133435,0.9985443938199197,0.9990270572862059
0.01,128,mean,NA,7.811686660728904e-07,7.76160956869795e-07,7.861441539441071e-07,61.07258119070032,61.04497810813074,61.100482087768455,0.00041810715104996293,0.00041753306939693003,0.00041866757133255,1.9258167416673146e-05,1.920452129154984e-05,1.9310540864769018e-05,,,
0.01,128,single,NA,0.00010001123365319934,9.95661366051489e-05,0.00010055435998163501,39.999533398839404,39.97599095604663,40.0188834417524,0.002395434030703612,0.0023815215911883202,0.002411130572455855,0.00019808962706240597,0.000196756271319545,0.00019962955038101,,,
0.02,1,maxfocus,3.0,0.0004003720414674699,0.000398530448515245,0.0004021225443223,33.97537914331562,33.956415889565314,33.99538492050707,0.00838158606174435,0.00832717983008561,0.008426439804257856,0.0007384272411799461,0.000733565761943055,0.00074334407472473,0.0,0.0,0.0
0.02,1,maxfocus,7.0,0.0004003720414674699,0.000398530448515245,0.0004021225443223,33.97537914331562,33.956415889565314,33.99538492050707,0.00838158606174435,0.00832717983008561,0.008426439804257856,0.0007384272411799461,0.000733565761943055,0.00074334407472473,0.0,0.0,0.0
0.02,1,mean,NA,0.0004003720414674699,0.000398530448515245,0.0004021225443223,33.97537914331562,33.956415889565314,33.99538492050707,0.00838158606174435,0.00832717983008561,0.008426439804257856,0.0007384272411799461,0.000733565761943055,0.00074334407472473,,,
0.02,1,single,NA,0.0004003720414674699,0.000398530448515245,0.0004021225443223,33.97537914331562,33.956415889565314,33.99538492050707,0.00838158606174435,0.00832717983008561,0.008426439804257856,0.0007384272411799461,0.000733565761943055,0.00074334407472473,,,
0.02,4,maxfocus,3.0,0.0005676996324603071,0.00056523133718426,0.000569915436100665,32.45882693166488,32.44189580150974,32.47773769936468,0.014055882778758086,0.01398385450947342,0.01413516574700892,0.0011831308240755308,0.001176918715685655,0.0011902242678752401,0.9999556670314743,0.9998743857976489,0.9999931133810084
0.02,4,maxfocus,7.0,0.0004676684224594489,0.000465450701988375,0.000469447464027895,33.300639186104405,33.28413007787825,33.32126310414676,0.010674788176062315,0.01059834924429365,0.01073781961587314,0.000918412679409683,0.000912101582721665,0.00092411280074576,0.9997813992736052,0.9993373644365461,0.9999752528218653
0.02,4,mean,NA,0.00010002910276312173,9.951073813821334e-05,0.00010058960178072,39.99876376028727,39.974469209808625,40.02130052396864,0.002395541798961039,0.00237912116711689,0.0024130055396445397,0.00019803225342681803,0.000196533988459715,0.00019977611399889502,,,
0.02,4,single,NA,0.000399958125580178,0.00039814914907732,0.000401917662544975,33.97987700493114,33.95862908130071,33.99954212201652,0.008371491961105527,0.00831022566755866,0.008421459257879519,0.0007375788838202809,0.00073223584680956,0.00074198338485457,,,
0.02,16,maxfocus,3.0,0.0007361202134176162,0.0007334435532836,0.00073982065998134,31.33052726231761,31.308735453644196,31.34633304409972,0.019606534978794627,0.01949692244748613,0.019700019080148887,0.00158982524190599,0.0015825163698955699,0.00159797232172632,0.9999091773253338,0.9998651414708423,0.9999455234467401
0.02,16,maxfocus,7.0,0.000522807159845498,0.000520219873790105,0.0005258020836806,32.81660590099476,32.79177699691085,32.83813064556546,0.012405477150307662,0.01232604131661856,0.012482761967698616,0.0010512823860225104,0.001045492343120265,0.00105769708985626,0.9996307631805033,0.9994347441641318,0.999792280769469
0.02,16,mean,NA,2.4993460598900023e-05,2.483951206333325e-05,2.5125611830806722e-05,46.02176381806663,45.99883358679345,46.048569463193,0.0009003151518429422,0.0008958271860560651,0.00090489097310577,6.286337595280179e-05,6.24352272433413e-05,6.331728197102123e-05,,,
0.02,16,single,NA,0.00040015273142741297,0.0003977179712684,0.00040264612296783003,33.97777557005809,33.95076478335583,34.004247845830434,0.00837497844215105,0.0083077846587012,0.0084424005537945,0.0007379560794181301,0.000732234182717235,0.000743587910106855,,,
0.02,64,maxfocus,3.0,0.0009157686127175889,0.00091257127863744,0.000919539048500975,30.382155965313103,30.364298240398266,30.397332039730937,0.025338396612062178,0.02520312570955268,0.025476575383232825,0.0020166812197122026,0.00200659378931598,0.0020257034330686654,0.9997875834329102,0.9997274805230139,0.9998378773233884
0.02,64,maxfocus,7.0,0.000570239168269598,0.000567144235288345,0.00057366782059786,32.43945419735373,32.413395109165286,32.4630647815557,0.013846054239020196,0.013749421745718285,0.013951382718644715,0.0011621725011081371,0.00115424884626346,0.0011709808044274449,0.9991598535707547,0.9989504938466913,0.9994088613886589
0.02,64,mean,NA,6.2539843566551005e-06,6.222740013626086e-06,6.284620662163975e-06,52.0384557172659,52.01720932214405,52.060183470607576,0.000527111055526038,0.00052520715398743,0.000528883999139945,2.9115958525755717e-05,2.8940761761177605e-05,2.9279177983184393e-05,,,
0.02,64,single,NA,0.000400022859629547,0.00039773567036341,0.00040247781709342503,33.97917942119459,33.9525805120867,34.00405458319883,0.008372506671956003,0.00830834571043612,0.008431384975457524,0.00073769001902354,0.0007312793733583099,0.00074294368349202,,,
0.02,128,maxfocus,3.0,0.00101272339750132,0.00100906947613597,0.00101649296761838,29.94510310027963,29.928956239554232,29.960789309171727,0.02829990080877592,0.02816322843928218,0.028446709340394616,0.0022433274757604036,0.00223168157885953,0.0022532256680613,0.9996733781020142,0.9996001580666599,0.9997310577344689
0.02,128,maxfocus,7.0,0.000592030856037751,0.000588956511547895,0.000594791141759515,32.276577205311284,32.25635508557567,32.299167722765944,0.014494657119357744,0.014417919657033495,0.014590419277855685,0.001211528682957589,0.0012048658755702399,0.001218928936978995,0.9987845862035439,0.998500216039213,0.9990339030546516
0.02,128,mean,NA,3.1245369504514142e-06,3.105744136136658e-06,3.141973287573923e-06,55.05217091675106,55.02797511590751,55.07834327154023,0.00046485705626333996,0.00046371732142273,0.00046577365983509,2.3476587598266048e-05,2.337825028900296e-05,2.3571642535510565e-05,,,
0.02,128,single,NA,0.000399976715250738,0.00039747952480001,0.00040255092349677,33.97968801166281,33.95179178762631,34.00685238271836,0.008368514361579272,0.008311310979838725,0.008428510152793126,0.000737522143295414,0.00073199815187217,0.000743240639877025,,,
0.04,1,maxfocus,3.0,0.001599630226326461,0.00159159569452306,0.00160801553068408,27.959828911157842,27.93709761133168,27.98167244381662,0.032251475018154695,0.03202606774185168,0.03246883724618585,0.002884858276854076,0.00286574054285044,0.00290520593550228,0.0,0.0,0.0
0.04,1,maxfocus,7.0,0.001599630226326461,0.00159159569452306,0.00160801553068408,27.959828911157842,27.93709761133168,27.98167244381662,0.032251475018154695,0.03202606774185168,0.03246883724618585,0.002884858276854076,0.00286574054285044,0.00290520593550228,0.0,0.0,0.0
0.04,1,mean,NA,0.001599630226326461,0.00159159569452306,0.00160801553068408,27.959828911157842,27.93709761133168,27.98167244381662,0.032251475018154695,0.03202606774185168,0.03246883724618585,0.002884858276854076,0.00286574054285044,0.00290520593550228,,,
0.04,1,single,NA,0.001599630226326461,0.00159159569452306,0.00160801553068408,27.959828911157842,27.93709761133168,27.98167244381662,0.032251475018154695,0.03202606774185168,0.03246883724618585,0.002884858276854076,0.00286574054285044,0.00290520593550228,,,
0.04,4,maxfocus,3.0,0.002274883027897431,0.00226474604664808,0.0022847964702761552,26.430425102630398,26.41152487258154,26.449804907275347,0.05484817276201997,0.0545749276119101,0.055202885655891605,0.00464241462419327,0.0046180206956241195,0.004666997074877315,0.9999500356119672,0.9998734014001778,0.9999920841869387
0.04,4,maxfocus,7.0,0.0018729388440900119,0.0018629559469331952,0.00188219653871657,27.27478776596598,27.253350431425673,27.29797414690263,0.04140460782800717,0.0411432334009105,0.04168666956636218,0.003599953200629231,0.003574018154575495,0.0036232293349527604,0.9997753505668154,0.999440722999228,0.9999781544524419
0.04,4,mean,NA,0.00040016916054909596,0.00039772979977322,0.00040254464385650995,33.97759460423397,33.951859499125284,34.00411870219097,0.008374732471986135,0.008318446321377035,0.00843291414113205,0.0007381227904186559,0.0007332337633675851,0.000743491611346225,,,
0.04,4,single,NA,0.0016000378087244196,0.0015915770272219652,0.00161129619295394,27.958731178661125,27.928246215428874,27.98172338094169,0.032278840866514516,0.032031968694649644,0.03253233747684754,0.0028866492405177787,0.0028662041586410753,0.002909703518575235,,,
0.04,16,maxfocus,3.0,0.0029530111904726725,0.002941003106851335,0.002964330829852735,25.297365018024422,25.280733292365134,25.315045167864227,0.07692900148823636,0.07647559560022106,0.07739656184186428,0.0062418446126443995,0.00619997446101801,0.00627466221458703,0.9999079374537194,0.9998446893428465,0.9999589210485187
0.04,16,maxfocus,7.0,0.0020939951539316972,0.002083255776899785,0.00210666115468337,26.790268018630105,26.76405312885138,26.812574053841875,0.048239531138160686,0.04790069553136636,0.048611751663083375,0.004121873791106744,0.004091275611522725,0.00415392835148202,0.9995940352584956,0.9992951011548095,0.9998290178936726
0.04,16,mean,NA,9.998720383494288e-05,9.945080227244022e-05,0.000100635804011405,40.000584517664535,39.97247479340525,40.02391711071912,0.002394127215195185,0.002377659611628795,0.0024088277021766247,0.00019790809360287803,0.00019655117796628,0.00019929891835668002,,,
0.04,16,single,NA,0.0016000502746114453,0.0015907190788912251,0.00161050221101652,27.958690939729063,27.93038676701185,27.984065117601407,0.032290066029796144,0.03209240726610347,0.03255601692722173,0.0028893419060648236,0.00286985631347809,0.00291056200315253,,,
0.04,64,maxfocus,3.0,0.0036717142198696403,0.00365661083695069,0.0036843918381005247,24.35132501913301,24.336341884796248,24.369212579851396,0.09954243228621067,0.09887750277897724,0.1001094191785541,0.007906738211549162,0.007868629965059167,0.007940200897534935,0.9997848241249712,0.9997374749232159,0.9998295208850714
0.04,64,maxfocus,7.0,0.002283629323849776,0.002274003639397275,0.0022944247211944,26.41376577446151,26.393261909058875,26.432088448689342,0.053903527538009796,0.05355833046383492,0.05428394264103675,0.004550429353942016,0.004527099667876045,0.004578539255169915,0.9991915101104447,0.9989603514860699,0.9994047870239708
0.04,64,mean,NA,2.4987186560740997e-05,2.4864004014769675e-05,2.5125000752011955e-05,46.02284772858856,45.998939167865466,46.04428933185333,0.000900195050079111,0.00089524515383714,0.0009052139948982449,6.28892252949223e-05,6.236400839320638e-05,6.338708831528207e-05,,,
0.04,64,single,NA,0.0016005653226399707,0.001591098703587815,0.00160906450140612,27.95729701191038,27.93426546305245,27.983028781370578,0.032295622019352106,0.03204287315318556,0.03248916629981736,0.0028889254051572342,0.0028707220401173452,0.002907002642461595,,,
0.04,128,maxfocus,3.0,0.004060871946774503,0.004046622122859135,0.0040758591587869404,23.913821754548373,23.89780831845014,23.929073488716814,0.11126930689590368,0.11058864906701446,0.11185741723634833,0.008794591666140376,0.008741756646136306,0.00883974297276475,0.9996764765441404,0.9996073241211683,0.9997416268247756
0.04,128,maxfocus,7.0,0.0023745431169472577,0.002363037693906185,0.002386894549895335,26.24422195748339,26.221667679705682,26.26529353966165,0.056580572388725076,0.05610111664975279,0.05700838713406682,0.004752295697806343,0.00471814152093551,0.0047839074213376995,0.9987997444669108,0.9985624763196056,0.9990132253605933
0.04,128,mean,NA,1.2498292931822602e-05,1.243115124081992e-05,1.2567658342843523e-05,49.03151644410598,49.0074563858275,49.05488655118684,0.00065143455528424,0.00064893345542353,0.000654868111075235,4.037906139714307e-05,4.0142311819426904e-05,4.0624070569557714e-05,,,
0.04,128,single,NA,0.0015993284093505811,0.0015894815955288851,0.0016074389100492101,27.96065193724329,27.9386553557601,27.987444976366938,0.03224649133784755,0.03202856962576179,0.03248311723276559,0.0028854196015662076,0.0028665618974328603,0.00290382468628671,,,
