sigma,N,rule,window,MSE_mean,MSE_std,MSE_median,MSE_P05,MSE_P95,PSNR_mean,PSNR_std,PSNR_median,PSNR_P05,PSNR_P95,laplacian_variance_mean,laplacian_variance_std,laplacian_variance_median,laplacian_variance_P05,laplacian_variance_P95,dct_hf_energy_mean,dct_hf_energy_std,dct_hf_energy_median,dct_hf_energy_P05,dct_hf_energy_P95,selection_entropy_mean,selection_entropy_std,selection_entropy_median,selection_entropy_P05,selection_entropy_P95,selection_entropy_normalized_mean,selection_entropy_normalized_std,selection_entropy_normalized_median,selection_entropy_normalized_P05,selection_entropy_normalized_P95,clipping_fraction_mean,clipping_fraction_std,clipping_fraction_median,clipping_fraction_P05,clipping_fraction_P95
0.0,1,maxfocus,3.0,0.0,0.0,0.0,0.0,0.0,,,,,,0.0004025932333716999,5.448320913670614e-20,0.0004025932333717,0.0004025932333717,0.0004025932333717,1.785111749184063e-05,3.405200571044134e-21,1.7851117491840634e-05,1.7851117491840634e-05,1.7851117491840634e-05,0.0,0.0,0.0,-0.0,0.0,0.0,0.0,0.0,0.0,0.0,0.0,0.0,0.0,0.0,0.0
0.0,2,maxfocus,3.0,0.0,0.0,0.0,0.0,0.0,,,,,,0.0004025932333716999,5.448320913670614e-20,0.0004025932333717,0.0004025932333717,0.0004025932333717,1.785111749184063e-05,3.405200571044134e-21,1.7851117491840634e-05,1.7851117491840634e-05,1.7851117491840634e-05,0.0,0.0,0.0,-0.0,0.0,0.0,0.0,0.0,-0.0,0.0,0.0,0.0,0.0,0.0,0.0
0.0,4,maxfocus,3.0,0.0,0.0,0.0,0.0,0.0,,,,,,0.0004025932333716999,5.448320913670614e-20,0.0004025932333717,0.0004025932333717,0.0004025932333717,1.785111749184063e-05,3.405200571044134e-21,1.7851117491840634e-05,1.7851117491840634e-05,1.7851117491840634e-05,0.0,0.0,0.0,-0.0,0.0,0.0,0.0,0.0,-0.0,0.0,0.0,0.0,0.0,0.0,0.0
0.0,8,maxfocus,3.0,0.0,0.0,0.0,0.0,0.0,,,,,,0.0004025932333716999,5.448320913670614e-20,0.0004025932333717,0.0004025932333717,0.0004025932333717,1.785111749184063e-05,3.405200571044134e-21,1.7851117491840634e-05,1.7851117491840634e-05,1.7851117491840634e-05,0.0,0.0,0.0,-0.0,0.0,0.0,0.0,0.0,-0.0,0.0,0.0,0.0,0.0,0.0,0.0
0.0,16,maxfocus,3.0,0.0,0.0,0.0,0.0,0.0,,,,,,0.0004025932333716999,5.448320913670614e-20,0.0004025932333717,0.0004025932333717,0.0004025932333717,1.785111749184063e-05,3.405200571044134e-21,1.7851117491840634e-05,1.7851117491840634e-05,1.7851117491840634e-05,0.0,0.0,0.0,-0.0,0.0,0.0,0.0,0.0,-0.0,0.0,0.0,0.0,0.0,0.0,0.0
0.0,32,maxfocus,3.0,0.0,0.0,0.0,0.0,0.0,,,,,,0.0004025932333716999,5.448320913670614e-20,0.0004025932333717,0.0004025932333717,0.0004025932333717,1.785111749184063e-05,3.405200571044134e-21,1.7851117491840634e-05,1.7851117491840634e-05,1.7851117491840634e-05,0.0,0.0,0.0,-0.0,0.0,0.0,0.0,0.0,-0.0,0.0,0.0,0.0,0.0,0.0,0.0
0.0,64,maxfocus,3.0,0.0,0.0,0.0,0.0,0.0,,,,,,0.0004025932333716999,5.448320913670614e-20,0.0004025932333717,0.0004025932333717,0.0004025932333717,1.785111749184063e-05,3.405200571044134e-21,1.7851117491840634e-05,1.7851117491840634e-05,1.7851117491840634e-05,0.0,0.0,0.0,-0.0,0.0,0.0,0.0,0.0,-0.0,0.0,0.0,0.0,0.0,0.0,0.0
0.0,128,maxfocus,3.0,0.0,0.0,0.0,0.0,0.0,,,,,,0.0004025932333716999,5.448320913670614e-20,0.0004025932333717,0.0004025932333717,0.0004025932333717,1.785111749184063e-05,3.405200571044134e-21,1.7851117491840634e-05,1.7851117491840634e-05,1.7851117491840634e-05,0.0,0.0,0.0,-0.0,0.0,0.0,0.0,0.0,-0.0,0.0,0.0,0.0,0.0,0.0,0.0
0.01,1,maxfocus,3.0,9.997651534787683e-05,3.95078387722222e-07,9.999251199941976e-05,9.941647909799641e-05,0.000100610384324715,40.001053626702536,0.017166230910388484,40.0003252165287,39.97357192073455,40.02541621845428,0.0023938844320099376,9.769714146072098e-06,0.00239315952067355,0.0023767466099364797,0.00240896219226414,0.000197920056236653,9.574062799791463e-07,0.0001979183138044,0.000196440279242035,0.00019933612370455999,0.0,0.0,0.0,-0.0,0.0,0.0,0.0,0.0,0.0,0.0,0.0,0.0,0.0,0.0,0.0
0.01,2,maxfocus,3.0,0.000120732554606152,3.669514907596616e-07,0.00012070497360465,0.00012016708141277,0.000121352888877835,39.181775952941706,0.0131971103168173,39.18274834601232,39.15949880583767,39.20214486769416,0.003130787985745347,1.3006280596016446e-05,0.003131245321302,0.003110870620325325,0.003151950074398285,0.000257645809619909,1.1410896938252866e-06,0.0002577880481091,0.00025571147805908,0.000259370479146915,0.6931225221610836,3.5224561691311816e-05,0.6931361354411543,0.6930496579560788,0.6931469697122742,0.9999644254502459,5.0818300469555636e-05,0.9999840652618941,0.9998593046230273,0.9999996958111107,0.0,0.0,0.0,0.0,0.0
0.01,4,maxfocus,3.0,0.000141348076214002,4.2607214094073987e-07,0.0001413801550506,0.00014072163985755999,0.000141999200377,38.4971205193157,0.013094168551398052,38.49611546402359,38.477141020109535,38.51639112689529,0.0038449449999656466,1.3842115107945954e-05,0.00384440586691795,0.003823277208795035,0.003865562693185345,0.000311971209909155,1.0912145349669891e-06,0.0003119776988298,0.000309997537024435,0.00031366196772066496,1.3862267573866611,5.1431436448411126e-05,1.386242638376567,1.3861167798918212,1.386283036820524,0.9999512342146621,3.709993915495981e-05,0.9999626899273528,0.9998719022214548,0.999991831244731,0.0,0.0,0.0,0.0,0.0
0.01,8,maxfocus,3.0,0.00016202453458014497,4.6598818841177845e-07,0.00016201368557635,0.00016130100397229,0.000162753945931935,37.90420995933421,0.012492310792670849,37.904482983021566,37.88468473747765,37.923629305057815,0.004554193036699596,1.542874485610808e-05,0.0045537019819321504,0.00452996259854262,0.00457805787535966,0.000364168781975188,1.1715475802609477e-06,0.00036414059481925,0.00036239890818247497,0.00036616097103284,2.0793076205928105,7.365895549123213e-05,2.079314683926042,2.079182709245707,2.079411424876226,0.9999355975706261,3.5422469934752144e-05,0.9999389943159012,0.9998755279102868,0.9999855168789283,0.0,0.0,0.0,0.0,0.0
0.01,16,maxfocus,3.0,0.00018298410139806998,4.848376479880596e-07,0.0001830030407426,0.000182240510383285,0.00018375084677183,37.3758815126761,0.011505225434906926,37.37541694094183,37.35770654287471,37.39355077054682,0.005270377095750847,1.6755718117039135e-05,0.00526883999655235,0.00524498305902123,0.005300212563904145,0.0004163333300237721,1.2683154378697927e-06,0.0004162763713498,0.000414412569651325,0.000418376802282685,2.772330005163659,8.959777778064008e-05,2.7723439928080897,2.772173942024582,2.772448438804457,0.9999066875393212,3.231556741970604e-05,0.9999117325156348,0.9998503996601183,0.9999494034458846,0.0,0.0,0.0,0.0,0.0
0.01,32,maxfocus,3.0,0.000204620023702171,5.169338440332735e-07,0.00020465615947965,0.000203768988190685,0.00020535809318982998,36.89053242483863,0.010978181905557872,36.88975182154192,36.874881775861844,36.908619125538415,0.006003265177589438,1.9718144414266285e-05,0.0060050569478191495,0.0059708969675218,0.00603019067067327,0.000470112707984974,1.4386225504987272e-06,0.00047026460994715,0.00046776276018665504,0.000472493648902835,3.4652673791893993,0.0001258935743808165,3.4652681697138297,3.4650415159535046,3.4654502116592374,0.999864812662168,3.632520708778207e-05,0.9998650407593035,0.9997996423080995,0.999917566961678,0.0,0.0,0.0,0.0,0.0
0.01,64,maxfocus,3.0,0.000227358268707814,4.965850620594453e-07,0.00022729183006705,0.00022668197224441001,0.0002283423769112,36.43290271193586,0.009479894861754384,36.43416174671343,36.41413482798835,36.44583017520601,0.00675335193208502,2.1845690821144807e-05,0.0067518022141306,0.0067198691167033395,0.00678715674950805,0.0005260709423461439,1.6699564494091317e-06,0.0005261050229528499,0.000522894838483935,0.0005286336843799651,4.158025284557311,0.0001543239177014682,4.15803487875585,4.157770516602456,4.1582382460632985,0.9997937429869591,3.710705845975202e-05,0.999796049904068,0.9997324842427845,0.999844949405057,0.0,0.0,0.0,0.0,0.0
0.01,128,maxfocus,3.0,0.000251239585921166,6.020867207746162e-07,0.0002513038299852,0.00025017408116072,0.00025214635326627503,35.99913166236511,0.010411354537523761,35.99800892541179,35.98347309260764,36.01757687412832,0.007531048917216644,2.428277069310253e-05,0.0075314392465504,0.00749044725488083,0.007568659842657171,0.000584482734407188,1.7502541765102457e-06,0.0005845567667127,0.000581912674896535,0.00058753067486829,4.850479268997132,0.00019729929171318273,4.850491003502221,4.850190141664854,4.850786111651732,0.9996803410452698,4.066324424650754e-05,0.9996827595184551,0.9996207521069177,0.9997435810990015,0.0,0.0,0.0,0.0,0.0
0.02,1,maxfocus,3.0,0.0004003720414674699,1.111795588484433e-06,0.0004003324703695,0.000398530448515245,0.0004021225443223,33.97537914331562,0.012055001900328561,33.975791835037846,33.956415889565314,33.99538492050707,0.00838158606174435,3.0773186149154825e-05,0.00838468081163795,0.00832717983008561,0.008426439804257856,0.0007384272411799461,3.001445192808123e-06,0.0007384545558981499,0.000733565761943055,0.00074334407472473,0.0,0.0,0.0,-0.0,0.0,0.0,0.0,0.0,0.0,0.0,0.0,0.0,0.0,0.0,0.0
0.02,2,maxfocus,3.0,0.000483910295355445,1.5117259728973463e-06,0.00048382121778805,0.00048156324089189,0.0004865220088043,33.152372349930616,0.01356224452787227,33.1531508974558,33.12897518543001,33.17346671910747,0.011246927518518817,4.3900272960743916e-05,0.01123948708926545,0.011182188124000774,0.011332241559450791,0.000970774343092958,4.13862442222456e-06,0.00097066642315055,0.000963838209363305,0.0009782296590866249,0.6931285738222499,2.3462682468106327e-05,0.6931384651439998,0.6930814713069572,0.6931470299818128,0.9999731561517997,3.384949564270805e-05,0.999987426312636,0.9999052015865734,0.9999997827616749,0.0,0.0,0.0,0.0,0.0
0.02,4,maxfocus,3.0,0.0005676996324603071,1.3989969921934585e-06,0.0005677508819418,0.00056523133718426,0.000569915436100665,32.45882693166488,0.010706712843201622,32.45842182478801,32.44189580150974,32.47773769936468,0.014055882778758086,5.008019966943903e-05,0.0140503721074929,0.01398385450947342,0.01413516574700892,0.0011831308240755308,4.095383476382676e-06,0.0011827999403561502,0.001176918715685655,0.0011902242678752401,1.3862329025756113,5.217324897029382e-05,1.3862526536044975,1.3861202228594947,1.3862848142388153,0.9999556670314743,3.763504377824618e-05,0.9999699143871873,0.9998743857976489,0.9999931133810084,0.0,0.0,0.0,0.0,0.0
0.02,8,maxfocus,3.0,0.000650891294340357,1.730863134231561e-06,0.0006508926608193,0.000648132475198395,0.00065365467276535,31.864930572297922,0.011548507356808442,31.86490625374119,31.846516299746632,31.883362173374323,0.016809939416056102,5.58575376391384e-05,0.016808995462674,0.016715553968860725,0.016898604031516447,0.00138525602130294,4.2006789697303335e-06,0.0013850335677318502,0.001378629937993515,0.001392276861214505,2.079303550335343,6.993868564788461e-05,2.079315586370565,2.079197092660093,2.0793954767569223,0.999933640190538,3.363339831681376e-05,0.9999394282999804,0.9998824448704892,0.999977847454718,0.0,0.0,0.0,0.0,0.0
0.02,16,maxfocus,3.0,0.0007361202134176162,1.925057349807117e-06,0.0007360692263346999,0.0007334435532836,0.00073982065998134,31.33052726231761,0.01135383933537282,31.33081338923969,31.308735453644196,31.34633304409972,0.019606534978794627,6.330642431524537e-05,0.019608629749431,0.01949692244748613,0.019700019080148887,0.00158982524190599,4.772935351124645e-06,0.001589447828133,0.0015825163698955699,0.00159797232172632,2.772336908316278,7.631101091587754e-05,2.7723415068073045,2.772214815002741,2.772437681162587,0.9999091773253338,2.7523379253386658e-05,0.9999108358803837,0.9998651414708423,0.9999455234467401,0.0,0.0,0.0,0.0,0.0
0.02,32,maxfocus,3.0,0.0008239299875413458,2.1790335232892156e-06,0.0008239551385422999,0.000820378256516515,0.000827115212595535,30.841111933965852,0.011482262061030035,30.840964334839484,30.824339927360768,30.85985858874513,0.022446600856953255,7.050447692734327e-05,0.0224464981752121,0.022318715148369795,0.022550563699173895,0.0017986574193086058,5.5959215082640004e-06,0.0017987029246747,0.0017906853326225551,0.001807366330153395,3.465258601896544,0.00013139203601257143,3.4652749106562455,3.4650468347693093,3.465442127876141,0.999862280070793,3.7911727753541e-05,0.9998669857841422,0.9998011769939364,0.9999152344749213,0.0,0.0,0.0,0.0,0.0
0.02,64,maxfocus,3.0,0.0009157686127175889,2.2958552542798788e-06,0.0009156764194428999,0.00091257127863744,0.000919539048500975,30.382155965313103,0.01088606413197387,30.382579707209633,30.364298240398266,30.397332039730937,0.025338396612062178,9.284949858225254e-05,0.02533736766236305,0.02520312570955268,0.025476575383232825,0.0020166812197122026,6.115526953507889e-06,0.00201674692826875,0.00200659378931598,0.0020257034330686654,4.157999667692176,0.0001499483479180923,4.158007911850303,4.157749706716948,4.158208834102482,0.9997875834329102,3.605495632181441e-05,0.9997895657339178,0.9997274805230139,0.9998378773233884,9.765625e-10,9.765624999999997e-09,0.0,0.0,0.0
0.02,128,maxfocus,3.0,0.00101272339750132,2.3460472257578202e-06,0.0010129428952608999,0.00100906947613597,0.00101649296761838,29.94510310027963,0.010062040200894237,29.944150373369148,29.928956239554232,29.960789309171727,0.02829990080877592,8.664467422436589e-05,0.02829435088797835,0.02816322843928218,0.028446709340394616,0.0022433274757604036,6.706670377137805e-06,0.0022438136084135,0.00223168157885953,0.0022532256680613,4.85044548458573,0.00020020374823264517,4.850460382853282,4.850090218758266,4.850725347908012,0.9996733781020142,4.1261850677526274e-05,0.9996764486244021,0.9996001580666599,0.9997310577344689,0.0,0.0,0.0,0.0,0.0
0.03,1,maxfocus,3.0,0.0008997921815529988,3.669904224871931e-06,0.0008996734686987,0.00089407679394391,0.00090647227355968,30.45861360291549,0.01771076611021538,30.459150869060977,30.426454753171633,30.486251774037033,0.01832403825122314,8.645690250877857e-05,0.01832681095045785,0.018174268193697548,0.018472055695683342,0.001635003401902356,7.862853219598577e-06,0.0016351798704973,0.001620444505740045,0.001647850878300375,0.0,0.0,0.0,-0.0,0.0,0.0,0.0,0.0,0.0,0.0,1.25e-07,8.794080883518108e-07,0.0,0.0,0.0
0.03,2,maxfocus,3.0,0.0010901488298690088,3.351215114989139e-06,0.0010903909718441,0.00108422304690537,0.00109572046834528,29.625162392111005,0.013353824948663478,29.62417755509395,29.60300225610443,29.64881365330386,0.024786926699580537,9.038984495055387e-05,0.02478807544867575,0.024637807357881285,0.024921922358902445,0.002157348395118314,7.998202482456915e-06,0.0021573342510116,0.002145330452312905,0.00217016068456265,0.6931233774747618,3.124180518433796e-05,0.6931368289617224,0.6930512647587246,0.6931466965442422,0.9999656594070475,4.5072397407874456e-05,0.9999850658005784,0.999861622749236,0.9999993017129455,4.0625000000000003e-07,1.0562427155925972e-06,0.0,0.0,3.125e-06
0.03,4,maxfocus,3.0,0.001278977359444655,3.600924085740523e-06,0.0012792073725234501,0.0012731485404049601,0.00128445456480399,28.93138847621339,0.012228344999279805,28.930590467163785,28.912812540689934,28.95120923599347,0.031051313883288204,0.00010162300639415444,0.031063705573051402,0.030867059251154832,0.031197811398029147,0.00262830625212615,8.78469417105294e-06,0.0026279705064638,0.0026141170915736952,0.002640684431268055,1.3862219619700207,6.007732142625097e-05,1.3862375927193908,1.3861204275591252,1.3862837859518131,0.9999477750527592,4.333662684578736e-05,0.9999590502550599,0.9998745334572199,0.999992371628729,3.7499999999999996e-07,6.706792124858247e-07,0.0,0.0,1.5625e-06
0.03,8,maxfocus,3.0,0.001466799134229331,3.90468331719801e-06,0.0014665495023268998,0.0014608603380662601,0.001473707295417695,28.336308778002778,0.011557292523469438,28.33703273156771,28.31588766902748,28.353913054317125,0.037252703249426145,0.0001383459291986568,0.03724391581802525,0.03702013785801646,0.03745742329168203,0.0030810779942932326,1.0330717406472504e-05,0.0030816960959245496,0.003063255936332965,0.003095423127210795,2.0792921080381306,7.929614767130378e-05,2.079313945239768,2.0791419791917956,2.079401857742613,0.9999281376087232,3.813338633566311e-05,0.999938639082893,0.9998559408946893,0.9999809160601889,3.125e-07,4.5783805884975666e-07,0.0,0.0,8.203124999999978e-07
0.03,16,maxfocus,3.0,0.001658216161377022,4.366245697643049e-06,0.0016581868221869,0.001651525132507245,0.0016646836397593702,27.803603472280585,0.011437281944300772,27.803665406380276,27.786682889767402,27.821148129515443,0.043492965438452866,0.00014995167002272676,0.043478735492416,0.043270031506282086,0.04371867397962459,0.0035340519326011437,1.2605255716469833e-05,0.00353490070053835,0.003515611632040685,0.003552259944208635,2.772334719192669,8.31537012887402e-05,2.7723465519958865,2.7721862789623195,2.772455110570667,0.9999083877658899,2.999135812020653e-05,0.9999126555475206,0.9998548492698417,0.9999518097768912,3.124999999999999e-07,3.8063293538857784e-07,3.90625e-07,0.0,8.007812499999989e-07
0.03,32,maxfocus,3.0,0.001856624504796855,4.807749828359132e-06,0.00185664231482745,0.0018483769521446649,0.00186464245490274,27.312773631505607,0.011245169836859747,27.312717564405496,27.294044327420522,27.33209455455009,0.0498348769082094,0.0001854556700457568,0.0498417217582425,0.04953455326526091,0.050140121522655595,0.004000603694963557,1.2957951349426805e-05,0.0040006930680892006,0.003980304946347505,0.004021141182496681,3.465234986774428,0.00012815147586021824,3.4652526463510496,3.4650050043138574,3.4654311973921454,0.9998554661868801,3.6976699741225195e-05,0.9998605616636034,0.9997891072758087,0.9999120806039101,3.3984375000000005e-07,2.583666946780801e-07,3.90625e-07,0.0,7.8125e-07
0.03,64,maxfocus,3.0,0.002065196269838185,5.439915084399838e-06,0.00206643840914875,0.002055146319170005,0.00207313019500448,26.850401609490074,0.011447228867909347,26.847775355918976,26.833734228487565,26.871572548245496,0.056299270489167046,0.00018511874491160854,0.056283258577225354,0.05600921058199756,0.056615584052951716,0.0044864272697364045,1.3138895354815747e-05,0.00448754882220885,0.004463963874296329,0.004506348448731575,4.158005350158552,0.00014082716385065375,4.1580143572920765,4.157760155587959,4.158208290959988,0.9997889497772533,3.3861775151622136e-05,0.999791115535065,0.9997299929454124,0.9998377467252244,3.056640625e-07,1.6694144515080613e-07,2.9296875e-07,9.765625e-08,6.8359375e-07
0.03,128,maxfocus,3.0,0.002282921367830414,5.122228360434825e-06,0.0022831607100050498,0.002274756342952785,0.002291701379348385,26.415101286601825,0.009740772246341413,26.414635180764826,26.398419745105073,26.430651153247595,0.06288526812659405,0.00021447435358740207,0.0628828766656494,0.06260078162633116,0.06326955228069889,0.004988656905273296,1.438918352840596e-05,0.00498825463099015,0.00496767870527699,0.005008877666650315,4.850446550112161,0.00020546177171203785,4.850451622421543,4.850140226499259,4.850738342235922,0.9996735977062563,4.234552559160714e-05,0.9996746431056267,0.9996104646266507,0.9997337358562451,2.9248046875e-07,1.2366189386514042e-07,2.9296875e-07,9.765625e-08,4.907226562499999e-07
0.04,1,maxfocus,3.0,0.001599630226326461,5.448361949395765e-06,0.0015993088823548001,0.00159159569452306,0.00160801553068408,27.959828911157842,0.014788091079801976,27.96067650886249,27.93709761133168,27.98167244381662,0.032251475018154695,0.00013816352232615586,0.032249527912156795,0.03202606774185168,0.03246883724618585,0.002884858276854076,1.2517090778108531e-05,0.0028835359360184004,0.00286574054285044,0.00290520593550228,0.0,0.0,0.0,-0.0,0.0,0.0,0.0,0.0,0.0,0.0,5.937500000000001e-06,6.242103597604924e-06,6.25e-06,0.0,1.875e-05
0.04,2,maxfocus,3.0,0.0019388118403955207,5.071430595566312e-06,0.0019386248249724,0.001932030743799115,0.001946375024174405,27.124658082781966,0.011364111901791913,27.125062302739984,27.107734965644216,27.139859807539704,0.04370307533359283,0.0001537083642869515,0.043703016936142744,0.04345179211132042,0.04395968287019025,0.003807770328504405,1.2611825360643043e-05,0.00380870356094065,0.00378752168663268,0.003824840177458955,0.6931264853274725,2.7257073369028738e-05,0.6931361260659471,0.6930684193944932,0.6931470810872857,0.9999701430907413,3.932364457864726e-05,0.9999840517363293,0.9998863716571877,0.9999998564912873,6.6875e-06,4.508252113758958e-06,6.25e-06,0.0,1.5625e-05
0.04,4,maxfocus,3.0,0.002274883027897431,6.1693985635408345e-06,0.0022749258772885,0.00226474604664808,0.0022847964702761552,26.430425102630398,0.011776641833784365,26.430327502721017,26.41152487258154,26.449804907275347,0.05484817276201997,0.00020571744913594353,0.05484751859264225,0.0545749276119101,0.055202885655891605,0.00464241462419327,1.610097599813036e-05,0.0046437498690586505,0.0046180206956241195,0.004666997074877315,1.3862250957705036,5.38367627249699e-05,1.3862357041887554,1.3861188581948314,1.38628338747288,0.9999500356119672,3.883501530041477e-05,0.9999576879681689,0.9998734014001778,0.9999920841869387,5.359375e-06,2.648812373837175e-06,4.6875e-06,1.5625e-06,9.375e-06
0.04,8,maxfocus,3.0,0.002609541504078327,7.096100502942928e-06,0.0026085260066137997,0.00259824853910586,0.0026207680267678,25.8343737982425,0.011802855352141386,25.836048292154132,25.81571424030988,25.853193082802907,0.06585800117018313,0.00021360041763584454,0.065888785257517,0.06546456718158576,0.06611746577111748,0.0054404187803302325,1.7302890999168202e-05,0.005439060871954849,0.0054148134027524105,0.005463607998704845,2.0793055966016163,6.469242563546559e-05,2.0793120813230166,2.079208780679509,2.0793984197456026,0.9999346242366065,3.111048054912312e-05,0.9999377427284084,0.9998880656197054,0.9999792627331092,5.851562500000001e-06,2.2110893278257663e-06,5.46875e-06,3.125e-06,9.375e-06
0.04,16,maxfocus,3.0,0.0029530111904726725,8.037896854912987e-06,0.0029530496236852,0.002941003106851335,0.002964330829852735,25.297365018024422,0.011831224011262879,25.297292550128326,25.280733292365134,25.315045167864227,0.07692900148823636,0.00029474376036541563,0.07693230672319995,0.07647559560022106,0.07739656184186428,0.0062418446126443995,2.3313226142650144e-05,0.0062446616409642,0.00619997446101801,0.00627466221458703,2.7723334706622222,9.984993656742745e-05,2.772344591982292,2.7721581096633137,2.772474827202182,0.9999079374537194,3.601325207972412e-05,0.9999119486220474,0.9998446893428465,0.9999589210485187,5.9179687499999994e-06,1.6862081998487192e-06,5.859375e-06,3.125e-06,8.61328125e-06
0.04,32,maxfocus,3.0,0.0033038384497381707,9.001783867673466e-06,0.0033051031250699,0.00328946081932808,0.003317264562181935,24.809827938707723,0.011839122977698725,24.80814985336072,24.792198907676013,24.82875283331868,0.0880998563822617,0.0003270384960965589,0.08814615269278706,0.08754102321687389,0.08862457189208765,0.007058027776159348,2.3703712107419964e-05,0.007058424597583501,0.007020453784910295,0.007097220243103696,3.465254186541913,0.0001321094988793769,3.465272305937731,3.4650394575768084,3.4654346010428023,0.9998610060687473,3.8118743777516786e-05,0.9998662342212457,0.9997990483861291,0.9999130626898948,6.037109375000001e-06,9.369305766232295e-07,6.0546875e-06,4.4921875e-06,7.431640625e-06
0.04,64,maxfocus,3.0,0.0036717142198696403,9.279269992467003e-06,0.00367342442624895,0.00365661083695069,0.0036843918381005247,24.35132501913301,0.010977641446138997,24.349288905609825,24.336341884796248,24.369212579851396,0.09954243228621067,0.0003430385815837491,0.0995660362597577,0.09887750277897724,0.1001094191785541,0.007906738211549162,2.379243209900632e-05,0.0079069093000218,0.007868629965059167,0.007940200897534935,4.157988192053067,0.0001353371111295098,4.158008016953836,4.157791272258876,4.158174080652528,0.9997848241249712,3.25416965124749e-05,0.9997895910059755,0.9997374749232159,0.9998295208850714,5.9677734375e-06,8.25600436002607e-07,5.95703125e-06,4.78515625e-06,7.421875e-06
0.04,128,maxfocus,3.0,0.004060871946774503,1.0620346125983137e-05,0.00405893928523845,0.004046622122859135,0.0040758591587869404,23.913821754548373,0.011358007184918377,23.915874449966594,23.89780831845014,23.929073488716814,0.11126930689590368,0.00040883216149748865,0.11126574122987004,0.11058864906701446,0.11185741723634833,0.008794591666140376,3.0249478535697604e-05,0.008796866423112351,0.008741756646136306,0.00883974297276475,4.850460518320698,0.00019500062281923062,4.850459685897465,4.850124988671614,4.850776629454043,0.9996764765441404,4.018949021592066e-05,0.9996763049823019,0.9996073241211683,0.9997416268247756,6.0288085937499985e-06,5.849278031616321e-07,5.9814453125e-06,5.078125e-06,7.0361328125e-06
0.0,1,maxfocus,7.0,0.0,0.0,0.0,0.0,0.0,,,,,,0.0004025932333716999,5.448320913670614e-20,0.0004025932333717,0.0004025932333717,0.0004025932333717,1.785111749184063e-05,3.405200571044134e-21,1.7851117491840634e-05,1.7851117491840634e-05,1.7851117491840634e-05,0.0,0.0,0.0,-0.0,0.0,0.0,0.0,0.0,0.0,0.0,0.0,0.0,0.0,0.0,0.0
0.0,2,maxfocus,7.0,0.0,0.0,0.0,0.0,0.0,,,,,,0.0004025932333716999,5.448320913670614e-20,0.0004025932333717,0.0004025932333717,0.0004025932333717,1.785111749184063e-05,3.405200571044134e-21,1.7851117491840634e-05,1.7851117491840634e-05,1.7851117491840634e-05,0.0,0.0,0.0,-0.0,0.0,0.0,0.0,0.0,-0.0,0.0,0.0,0.0,0.0,0.0,0.0
0.0,4,maxfocus,7.0,0.0,0.0,0.0,0.0,0.0,,,,,,0.0004025932333716999,5.448320913670614e-20,0.0004025932333717,0.0004025932333717,0.0004025932333717,1.785111749184063e-05,3.405200571044134e-21,1.7851117491840634e-05,1.7851117491840634e-05,1.7851117491840634e-05,0.0,0.0,0.0,-0.0,0.0,0.0,0.0,0.0,-0.0,0.0,0.0,0.0,0.0,0.0,0.0
0.0,8,maxfocus,7.0,0.0,0.0,0.0,0.0,0.0,,,,,,0.0004025932333716999,5.448320913670614e-20,0.0004025932333717,0.0004025932333717,0.0004025932333717,1.785111749184063e-05,3.405200571044134e-21,1.7851117491840634e-05,1.7851117491840634e-05,1.7851117491840634e-05,0.0,0.0,0.0,-0.0,0.0,0.0,0.0,0.0,-0.0,0.0,0.0,0.0,0.0,0.0,0.0
0.0,16,maxfocus,7.0,0.0,0.0,0.0,0.0,0.0,,,,,,0.0004025932333716999,5.448320913670614e-20,0.0004025932333717,0.0004025932333717,0.0004025932333717,1.785111749184063e-05,3.405200571044134e-21,1.7851117491840634e-05,1.7851117491840634e-05,1.7851117491840634e-05,0.0,0.0,0.0,-0.0,0.0,0.0,0.0,0.0,-0.0,0.0,0.0,0.0,0.0,0.0,0.0
0.0,32,maxfocus,7.0,0.0,0.0,0.0,0.0,0.0,,,,,,0.0004025932333716999,5.448320913670614e-20,0.0004025932333717,0.0004025932333717,0.0004025932333717,1.785111749184063e-05,3.405200571044134e-21,1.7851117491840634e-05,1.7851117491840634e-05,1.7851117491840634e-05,0.0,0.0,0.0,-0.0,0.0,0.0,0.0,0.0,-0.0,0.0,0.0,0.0,0.0,0.0,0.0
0.0,64,maxfocus,7.0,0.0,0.0,0.0,0.0,0.0,,,,,,0.0004025932333716999,5.448320913670614e-20,0.0004025932333717,0.0004025932333717,0.0004025932333717,1.785111749184063e-05,3.405200571044134e-21,1.7851117491840634e-05,1.7851117491840634e-05,1.7851117491840634e-05,0.0,0.0,0.0,-0.0,0.0,0.0,0.0,0.0,-0.0,0.0,0.0,0.0,0.0,0.0,0.0
0.0,128,maxfocus,7.0,0.0,0.0,0.0,0.0,0.0,,,,,,0.0004025932333716999,5.448320913670614e-20,0.0004025932333717,0.0004025932333717,0.0004025932333717,1.785111749184063e-05,3.405200571044134e-21,1.7851117491840634e-05,1.7851117491840634e-05,1.7851117491840634e-05,0.0,0.0,0.0,-0.0,0.0,0.0,0.0,0.0,-0.0,0.0,0.0,0.0,0.0,0.0,0.0
0.01,1,maxfocus,7.0,9.997651534787683e-05,3.95078387722222e-07,9.999251199941976e-05,9.941647909799641e-05,0.000100610384324715,40.001053626702536,0.017166230910388484,40.0003252165287,39.97357192073455,40.02541621845428,0.0023938844320099376,9.769714146072098e-06,0.00239315952067355,0.0023767466099364797,0.00240896219226414,0.000197920056236653,9.574062799791463e-07,0.0001979183138044,0.000196440279242035,0.00019933612370455999,0.0,0.0,0.0,-0.0,0.0,0.0,0.0,0.0,0.0,0.0,0.0,0.0,0.0,0.0,0.0
0.01,2,maxfocus,7.0,0.00010884712534966501,3.9080480050028294e-07,0.00010883782724869999,0.000108257015334755,0.000109491553609895,39.63185806952192,0.015590926075248628,39.632201371801514,39.606193821083615,39.65543956959004,0.0027155210354619214,1.1036291300729548e-05,0.00271629701504855,0.0026977268378240303,0.002733606975559105,0.00022345767377175897,9.7297413419589e-07,0.00022354828193345,0.0002219714298398,0.00022497106689891002,0.6930174279295934,0.000203201553573768,0.6930927739091683,0.6926780371354484,0.693146446981641,0.999812806523649,0.0002931578736418032,0.9999215077947328,0.9993231691080128,0.9999989416702184,0.0,0.0,0.0,0.0,0.0
0.01,4,maxfocus,7.0,0.00011671045841536198,3.966330591311909e-07,0.0001167350514848,0.000116027746211725,0.000117413168102945,39.32892707811308,0.014758618767487084,39.327987212568985,39.302831934603425,39.35438143809711,0.0029861197581174,1.1828813339196434e-05,0.002988849228586,0.0029646571349284654,0.0030019110455956153,0.00024444304270454097,9.94866826203168e-07,0.0002444804417143,0.00024265910360194,0.00024587718731297,1.3859886455060209,0.000271745691903674,1.3860688899025777,1.385361998968499,1.3862557397224822,0.999779472799974,0.00019602308104618704,0.9998373568964597,0.9993274428739374,0.9999721405507435,0.0,0.0,0.0,0.0,0.0
0.01,8,maxfocus,7.0,0.00012374546478178302,4.466499639746567e-07,0.00012375138861725,0.00012302758877300003,0.000124517164489025,39.07473509672718,0.015676265919249914,39.074499216918674,39.047707779409606,39.09997488433017,0.0032195027875738854,1.4268924651832807e-05,0.0032199562776417,0.00319766812010225,0.0032449265674097698,0.000262564956102176,1.175115977924461e-06,0.00026256474736605,0.000260572568115125,0.00026452145924944,2.0788100486815386,0.00029527918397812426,2.078842801558074,2.078230058991748,2.079185432891568,0.9996963160610002,0.00014199927146763865,0.9997120668651842,0.9994173999779243,0.9998768377070792,0.0,0.0,0.0,0.0,0.0
0.01,16,maxfocus,7.0,0.00013025854967879896,4.79434227651502e-07,0.0001302455660102,0.000129536202321515,0.00013093910273131,38.851966742352836,0.015986049383526126,38.85237054304598,38.82930643826018,38.87608843639695,0.0034314158848260273,1.3907378891403748e-05,0.0034286215342724,0.0034110266478343653,0.00345690720841951,0.000278623728210417,1.1578923934968647e-06,0.00027858051988705003,0.00027706254389842,0.00028054625193573996,2.771543746705869,0.00036407785890138863,2.7715926683044714,2.770894443666328,2.772113501882437,0.9996231047448437,0.00013131333038364599,0.9996407494817676,0.9993889181760486,0.9998286004867825,0.0,0.0,0.0,0.0,0.0
0.01,32,maxfocus,7.0,0.000136227142348577,4.03562695337974e-07,0.00013623487367515,0.00013557169583182,0.00013691017276947,38.65738239973845,0.012864788973449177,38.6571170666074,38.6356428704485,38.678309725917586,0.003625808944811826,1.425301966087206e-05,0.003627416619135,0.00360217381533203,0.00365000204408159,0.000293457130338023,1.1051722208773862e-06,0.0002934354199187,0.00029182804806371,0.000295354744005015,3.4638471239978075,0.00048800167945540953,3.4638422707006464,3.463009698614321,3.464560460255567,0.9994550136378271,0.00014080752057916355,0.9994536132722778,0.9992133837482531,0.9996608389741383,0.0,0.0,0.0,0.0,0.0
0.01,64,maxfocus,7.0,0.000141843438718371,4.936645029487085e-07,0.00014184548125885,0.000141076743022535,0.00014273566286923,38.48193350507674,0.015105796038850613,38.48184495049745,38.454675039640776,38.50544575256921,0.003800431047044385,1.5772056357742255e-05,0.0037981484645669998,0.0037774812417355947,0.0038243330588966697,0.00030700257665933895,1.2431720901363765e-06,0.00030691570895505,0.000305036515033115,0.00030917470260708997,4.155629349633127,0.000526659545789763,4.155660848808498,4.154810102857819,4.156447686907728,0.9992176424147238,0.0001266348524912827,0.9992252163654067,0.9990206552047232,0.9994144109360303,0.0,0.0,0.0,0.0,0.0
0.01,128,maxfocus,7.0,0.00014728944625256698,4.698627057233319e-07,0.0001472753398427,0.000146622317255525,0.00014807335675339,38.31830558635525,0.01385589960589409,38.31869966607066,38.29523078554102,38.337999236533214,0.003976774021898177,1.738464373800073e-05,0.003977220593681699,0.0039471553279390795,0.00400573363578155,0.000320285430650718,1.2843898204856725e-06,0.00032029235330295,0.00031838181038577,0.000322158379132625,4.8462365696393315,0.0007114337785500202,4.84626489697008,4.844967618681519,4.847309516427227,0.9988059237133435,0.0001466259977478689,0.9988117619561426,0.9985443938199197,0.9990270572862059,0.0,0.0,0.0,0.0,0.0
0.02,1,maxfocus,7.0,0.0004003720414674699,1.111795588484433e-06,0.0004003324703695,0.000398530448515245,0.0004021225443223,33.97537914331562,0.012055001900328561,33.975791835037846,33.956415889565314,33.99538492050707,0.00838158606174435,3.0773186149154825e-05,0.00838468081163795,0.00832717983008561,0.008426439804257856,0.0007384272411799461,3.001445192808123e-06,0.0007384545558981499,0.000733565761943055,0.00074334407472473,0.0,0.0,0.0,-0.0,0.0,0.0,0.0,0.0,0.0,0.0,0.0,0.0,0.0,0.0,0.0
0.02,2,maxfocus,7.0,0.00043577124031053905,1.381143494960262e-06,0.00043570820546995,0.00043325514256856,0.000437890363725385,33.60743596202179,0.01377108611687104,33.608042649201636,33.58634612207753,33.63256274539274,0.009614547191143505,4.224146662924955e-05,0.0096148487119345,0.00953640469837333,0.00968203503645263,0.0008363991462091891,3.696224808200908e-06,0.0008370273218505,0.00082957074800809,0.0008424198895033851,0.6930382235134889,0.0001531477065120208,0.6930939411385516,0.6927566669597417,0.6931464676691506,0.9998428082094071,0.00022094543670841548,0.9999231917507755,0.9994366079655865,0.9999989715159857,0.0,0.0,0.0,0.0,0.0
0.02,4,maxfocus,7.0,0.0004676684224594489,1.414170946440702e-06,0.0004677698245044,0.000465450701988375,0.000469447464027895,33.300639186104405,0.013131120263573472,33.299677976486265,33.28413007787825,33.32126310414676,0.010674788176062315,4.305430879549892e-05,0.010675332195481599,0.01059834924429365,0.01073781961587314,0.000918412679409683,3.698550158874494e-06,0.0009181752935497,0.000912101582721665,0.00092411280074576,1.3859913161655526,0.000295246608350628,1.3861094773062266,1.385375753174797,1.3862600542463888,0.9997813992736052,0.00021297540885335413,0.9998666345194431,0.9993373644365461,0.9999752528218653,0.0,0.0,0.0,0.0,0.0
0.02,8,maxfocus,7.0,0.0004961009573934339,1.5717269879551636e-06,0.0004962946181206499,0.0004933160219752701,0.000498322549330615,33.044320922854574,0.013757621607990154,33.042604369314006,33.02489460756862,33.068747792422,0.01157643534034026,4.938068821178716e-05,0.0115755205222201,0.011493120188691044,0.011651363097999065,0.0009878894447952389,3.85245940483368e-06,0.0009881933735349999,0.00098067738508861,0.0009932510567885848,2.078815488441512,0.00032769636089430027,2.0788718425455004,2.0782131346469503,2.079246810693286,0.9996989320325792,0.00015758863825986397,0.999726032628032,0.9994092610884876,0.9999063541904658,0.0,0.0,0.0,0.0,0.0
0.02,16,maxfocus,7.0,0.000522807159845498,1.6410473072310848e-06,0.0005228314875535,0.000520219873790105,0.0005258020836806,32.81660590099476,0.013625407338540702,32.81638264927555,32.79177699691085,32.83813064556546,0.012405477150307662,5.045595455969359e-05,0.01240086502564095,0.01232604131661856,0.012482761967698616,0.0010512823860225104,3.921762447519606e-06,0.00105130240520605,0.001045492343120265,0.00105769708985626,2.771564980398209,0.00031590147335828383,2.7715627518093453,2.771021500284073,2.7720128022438186,0.9996307631805033,0.00011393737225587795,0.999629959386978,0.9994347441641318,0.999792280769469,0.0,0.0,0.0,0.0,0.0
0.02,32,maxfocus,7.0,0.000546864752625548,1.8602574857991663e-06,0.0005467351344222,0.000544121977186355,0.000550404662887435,32.62122553041386,0.014764066736282175,32.62223017953519,32.593178955493634,32.64303732514099,0.01314633120335321,5.5260447223605916e-05,0.0131480527712029,0.013055924353306131,0.013245946426466124,0.00110812612638054,4.55311207602883e-06,0.0011079285812146998,0.0011005261295170248,0.001115384250314035,3.4637749069028585,0.0004736769405426669,3.4637647007058057,3.4629771726971192,3.4645307743327525,0.9994341761888771,0.00013667427462087567,0.999431231302902,0.9992039987523634,0.9996522734274126,0.0,0.0,0.0,0.0,0.0
0.02,64,maxfocus,7.0,0.000570239168269598,1.930600926449909e-06,0.00057035468051725,0.000567144235288345,0.00057366782059786,32.43945419735373,0.014704371774172543,32.438549916297035,32.413395109165286,32.4630647815557,0.013846054239020196,6.0195730605402866e-05,0.01384484120115805,0.013749421745718285,0.013951382718644715,0.0011621725011081371,5.110041149132968e-06,0.0011622546120343001,0.00115424884626346,0.0011709808044274449,4.155389012587538,0.0006150558642077341,4.155397362564813,4.1545183099727945,4.156424606989044,0.9991598535707547,0.00014788967419369374,0.9991618613158888,0.9989504938466913,0.9994088613886589,9.765625e-10,9.765624999999997e-09,0.0,0.0,0.0
0.02,128,maxfocus,7.0,0.000592030856037751,1.8335015847206253e-06,0.0005922263986092499,0.000588956511547895,0.000594791141759515,32.276577205311284,0.013454601759650324,32.2751223775931,32.25635508557567,32.299167722765944,0.014494657119357744,5.911318590770567e-05,0.01449209631376115,0.014417919657033495,0.014590419277855685,0.001211528682957589,4.822389321860646e-06,0.00121166489203225,0.0012048658755702399,0.001218928936978995,4.846133039396026,0.000776389764987722,4.846183773072598,4.844753266752536,4.847342732302906,0.9987845862035439,0.0001600133805349608,0.9987950423783429,0.998500216039213,0.9990339030546516,0.0,0.0,0.0,0.0,0.0
0.03,1,maxfocus,7.0,0.0008997921815529988,3.669904224871931e-06,0.0008996734686987,0.00089407679394391,0.00090647227355968,30.45861360291549,0.01771076611021538,30.459150869060977,30.426454753171633,30.486251774037033,0.01832403825122314,8.645690250877857e-05,0.01832681095045785,0.018174268193697548,0.018472055695683342,0.001635003401902356,7.862853219598577e-06,0.0016351798704973,0.001620444505740045,0.001647850878300375,0.0,0.0,0.0,-0.0,0.0,0.0,0.0,0.0,0.0,0.0,1.25e-07,8.794080883518108e-07,0.0,0.0,0.0
0.03,2,maxfocus,7.0,0.0009815249045997828,3.481630545450112e-06,0.00098140190236355,0.0009758274981721101,0.000986399070297665,30.081013838079745,0.015415826178322685,30.081531051750403,30.059473528338923,30.10626948254162,0.021139254468303253,8.864456207413347e-05,0.02113813759296415,0.021001366720685002,0.02127250883102573,0.001857653552515591,8.185788480095218e-06,0.00185823181582315,0.0018432414299028549,0.0018691922862102848,0.6930375457701752,0.00013607900016633545,0.6930938483161654,0.6927610270913555,0.6931461990752477,0.9998418304324896,0.00019632049870909525,0.9999230578363794,0.9994428983058435,0.9999985840168938,4.0625000000000003e-07,1.0562427155925972e-06,0.0,0.0,3.125e-06
0.03,4,maxfocus,7.0,0.0010537598737349633,4.00683217976222e-06,0.0010537115414126,0.00104598166921384,0.001059911509121835,29.772614531954545,0.01652164344386998,29.772782632033312,29.747303921307427,29.804759266843725,0.02348719830434121,0.00010334749617943655,0.02349208918129725,0.023319451920353236,0.02363474149737269,0.002038660521156749,9.63949266213803e-06,0.0020387489722788997,0.002022517476386315,0.00205208399380472,1.3859697772114676,0.00028105178813449044,1.386064755507645,1.3853316712541088,1.3862491456676012,0.999765862202483,0.00020273601048730186,0.9998343745609266,0.9993055660523611,0.9999673839456054,3.7499999999999996e-07,6.706792124858247e-07,0.0,0.0,1.5625e-06
0.03,8,maxfocus,7.0,0.0011179872940348182,3.747525849840936e-06,0.00111770203755,0.001112251288883275,0.00112342275310313,29.515655468842954,0.01455408480236808,29.51673958325336,29.494567931484735,29.537970823695595,0.025524067440283394,0.00010488884784069896,0.02552673532592855,0.025342057631720843,0.025688629586595416,0.0021953575765972354,8.257096951630178e-06,0.002194675888574,0.00218101899487153,0.002208015728461565,2.078752391779071,0.0003423872730605027,2.0788249213973478,2.0781467690385624,2.0791896835943207,0.9996685889519127,0.0001646534736359522,0.9997034683254475,0.9993773459771188,0.9998788818630064,3.125e-07,4.5783805884975666e-07,0.0,0.0,8.203124999999978e-07
0.03,16,maxfocus,7.0,0.001176744588677704,4.0142411050871935e-06,0.00117685670511785,0.001170854930036095,0.00118353271211634,29.29320291994653,0.014815905800396396,29.292764141650366,29.268197340303626,29.314969216168876,0.027335333724926834,0.00011500189931941072,0.02733998193488725,0.027172574592912887,0.027521617660593762,0.002332732650714544,9.937596830846927e-06,0.0023324227194501997,0.002315549161530245,0.00234599674915557,2.771510729507365,0.0003465811238435206,2.7715263551700553,2.770950952122005,2.7720139692006565,0.9996111963077073,0.00012500271715869493,0.9996168320742258,0.9994092992932418,0.9997927016601798,3.124999999999999e-07,3.8063293538857784e-07,3.90625e-07,0.0,8.007812499999989e-07
0.03,32,maxfocus,7.0,0.001232053020756187,3.912038338470232e-06,0.0012322517745828499,0.0012250451686507,0.00123816180413394,29.09372769592346,0.013790141866479005,29.093005478722443,29.07222597927,29.118478981811933,0.029000443434349918,0.0001369531458308561,0.029009225052916247,0.02877359798440042,0.02922169985950434,0.002460291684924594,1.094109061846356e-05,0.0024603747665349496,0.002442971434005665,0.0024791987369054,3.4637524373410016,0.0004878493606279707,3.463763826452414,3.462797253352713,3.464436920989798,0.9994276928437845,0.00014076357065576257,0.9994309790466955,0.9991520850031765,0.999625193076922,3.3984375000000005e-07,2.583666946780801e-07,3.90625e-07,0.0,7.8125e-07
0.03,64,maxfocus,7.0,0.0012847067585222338,4.5809843094162e-06,0.001284613879393,0.001277310321935385,0.001292355607817355,28.911987220992337,0.015475684210822,28.9122739056506,28.886179687473607,28.937035786818722,0.030578557819530783,0.00013509033628143448,0.030584125922704652,0.03036890814964789,0.030765964371983198,0.0025804851102733937,1.1304940425335377e-05,0.0025795867674712498,0.002563694028114955,0.00259729686698997,4.155464034733872,0.0005661196950860426,4.1554876451629035,4.1544004167393265,4.156383676453918,0.9991778925838336,0.00013612301277501763,0.9991835696919797,0.9989221465161447,0.9993990196753175,3.056640625e-07,1.6694144515080613e-07,2.9296875e-07,9.765625e-08,6.8359375e-07
0.03,128,maxfocus,7.0,0.0013344790811275114,4.103519023319279e-06,0.00133466790395035,0.0013273986918864,0.00134073444381135,28.746902615347558,0.013350236385934081,28.746267833122978,28.726572357677547,28.769986146841703,0.03204344297549191,0.00012603580092194336,0.0320480474472289,0.031834883935413935,0.032257263986338144,0.0026928117529556013,1.0678515431668456e-05,0.0026935152195997503,0.0026754004202270802,0.002708978032236855,4.846129231739419,0.0007136940991374828,4.846087479506556,4.844939784738031,4.847302660293057,0.9987838014482147,0.00014709184821962238,0.9987751963426008,0.9985386572638856,0.9990256442418104,2.9248046875e-07,1.2366189386514042e-07,2.9296875e-07,9.765625e-08,4.907226562499999e-07
0.04,1,maxfocus,7.0,0.001599630226326461,5.448361949395765e-06,0.0015993088823548001,0.00159159569452306,0.00160801553068408,27.959828911157842,0.014788091079801976,27.96067650886249,27.93709761133168,27.98167244381662,0.032251475018154695,0.00013816352232615586,0.032249527912156795,0.03202606774185168,0.03246883724618585,0.002884858276854076,1.2517090778108531e-05,0.0028835359360184004,0.00286574054285044,0.00290520593550228,0.0,0.0,0.0,-0.0,0.0,0.0,0.0,0.0,0.0,0.0,5.937500000000001e-06,6.242103597604924e-06,6.25e-06,0.0,1.875e-05
0.04,2,maxfocus,7.0,0.0017452421656431899,5.180314870086115e-06,0.00174581284104825,0.0017375958176355701,0.00175396022208578,27.581461973329937,0.012893159513553326,27.580023165120494,27.559802602922954,27.600512377587574,0.0372322554896022,0.00013260139163382518,0.037230022162126,0.037045515590245486,0.037454447848484965,0.003277450645952519,1.0649091465733493e-05,0.00327761110827405,0.003258835857651915,0.003292759136142505,0.6930413849728215,0.00013507939601889422,0.6930870341932605,0.6928105520264163,0.693146774485671,0.9998473692311086,0.00019487837476274528,0.9999132271350561,0.999514347684056,0.9999994141586582,6.6875e-06,4.508252113758958e-06,6.25e-06,0.0,1.5625e-05
0.04,4,maxfocus,7.0,0.0018729388440900119,6.224411636462001e-06,0.0018729592338112499,0.0018629559469331952,0.00188219653871657,27.27478776596598,0.01442916288581505,27.27471677062753,27.253350431425673,27.29797414690263,0.04140460782800717,0.00017593543390427945,0.04141921126633215,0.0411432334009105,0.04168666956636218,0.003599953200629231,1.5443315334722514e-05,0.0035994062848722997,0.003574018154575495,0.0036232293349527604,1.3859829308774376,0.00023694960344534073,1.3860489951641664,1.3855190385674165,1.3862640767604952,0.9997753505668154,0.0001709230089156032,0.9998230058762367,0.999440722999228,0.9999781544524419,5.359375e-06,2.648812373837175e-06,4.6875e-06,1.5625e-06,9.375e-06
0.04,8,maxfocus,7.0,0.001988339288053575,6.462309519758648e-06,0.0019888659371708,0.0019783081189931303,0.001998334461101355,27.01511777713763,0.014118817986097912,27.013944902448586,26.993318257732234,27.03706066992302,0.04503515780890955,0.00018980105654059935,0.045068818501587296,0.044730787352451236,0.04528739455362252,0.003875241787282939,1.597079643485146e-05,0.00387693329657275,0.0038457448956299247,0.003898623659235375,2.078855538102768,0.00027508929718403455,2.0789069950913683,2.078334188945314,2.079230564934746,0.9997181918484739,0.0001322899882830159,0.9997429374292313,0.9994674759004635,0.9998985416320387,5.851562500000001e-06,2.2110893278257663e-06,5.46875e-06,3.125e-06,9.375e-06
0.04,16,maxfocus,7.0,0.0020939951539316972,7.105045055840953e-06,0.0020938509822697,0.002083255776899785,0.00210666115468337,26.790268018630105,0.014732095424368803,26.790542300641125,26.76405312885138,26.812574053841875,0.048239531138160686,0.00022745422351688464,0.0482292488170815,0.04790069553136636,0.048611751663083375,0.004121873791106744,1.9022222302354732e-05,0.0041222592293842005,0.004091275611522725,0.00415392835148202,2.77146314897586,0.0004527239467231006,2.7715122072427385,2.7706343276512855,2.7721146591800734,0.9995940352584956,0.0001632856482072638,0.9996117292880808,0.9992951011548095,0.9998290178936726,5.9179687499999994e-06,1.6862081998487192e-06,5.859375e-06,3.125e-06,8.61328125e-06
0.04,32,maxfocus,7.0,0.0021921669128522293,6.7483876063231e-06,0.0021915860503797,0.002181818914680645,0.00220276204832756,26.591284179915387,0.013365701676896078,26.592414731624345,26.57032415591722,26.61181298747279,0.051214077714241926,0.00020031185374063304,0.0512154678556899,0.050925118212127106,0.05149981996811984,0.0043449074692518234,1.552972927357301e-05,0.004344309338949449,0.0043196989786715755,0.00436895067179807,3.46383196296066,0.0004989875839543547,3.4638477709913778,3.4629529046258423,3.464600214822359,0.9994506390872053,0.00014397738256723152,0.99945520032071,0.999196996467147,0.999672309717411,6.037109375000001e-06,9.369305766232295e-07,6.0546875e-06,4.4921875e-06,7.431640625e-06
0.04,64,maxfocus,7.0,0.002283629323849776,7.287329723461411e-06,0.00228283439410665,0.002274003639397275,0.0022944247211944,26.41376577446151,0.013856011208981759,26.415255928299594,26.393261909058875,26.432088448689342,0.053903527538009796,0.0002344064208849767,0.0538953213144096,0.05355833046383492,0.05428394264103675,0.004550429353942016,1.835532309328192e-05,0.0045515312918673004,0.004527099667876045,0.004578539255169915,4.155520668434933,0.0005800596926845901,4.155507183874979,4.154559306742447,4.156407662182668,0.9991915101104447,0.00013947487367592967,0.9991882677591493,0.9989603514860699,0.9994047870239708,5.9677734375e-06,8.25600436002607e-07,5.95703125e-06,4.78515625e-06,7.421875e-06
0.04,128,maxfocus,7.0,0.0023745431169472577,7.691818745371149e-06,0.0023740667197714,0.002363037693906185,0.002386894549895335,26.24422195748339,0.014067694418377762,26.245070809094926,26.221667679705682,26.26529353966165,0.056580572388725076,0.00027985725353783076,0.056573216173316704,0.05610111664975279,0.05700838713406682,0.004752295697806343,2.046687612046506e-05,0.0047515627000675,0.00471814152093551,0.0047839074213376995,4.846206587748631,0.0006431459401997355,4.846206303772467,4.845055355517243,4.847242403505547,0.9987997444669108,0.00013255192264199868,0.9987996859396244,0.9985624763196056,0.9990132253605933,6.0288085937499985e-06,5.849278031616321e-07,5.9814453125e-06,5.078125e-06,7.0361328125e-06
0.0,1,mean,NA,0.0,0.0,0.0,0.0,0.0,,,,,,0.0004025932333716999,5.448320913670614e-20,0.0004025932333717,0.0004025932333717,0.0004025932333717,1.785111749184063e-05,3.405200571044134e-21,1.7851117491840634e-05,1.7851117491840634e-05,1.7851117491840634e-05,,,,,,,,,,,0.0,0.0,0.0,0.0,0.0
0.0,2,mean,NA,0.0,0.0,0.0,0.0,0.0,,,,,,0.0004025932333716999,5.448320913670614e-20,0.0004025932333717,0.0004025932333717,0.0004025932333717,1.785111749184063e-05,3.405200571044134e-21,1.7851117491840634e-05,1.7851117491840634e-05,1.7851117491840634e-05,,,,,,,,,,,0.0,0.0,0.0,0.0,0.0
0.0,4,mean,NA,0.0,0.0,0.0,0.0,0.0,,,,,,0.0004025932333716999,5.448320913670614e-20,0.0004025932333717,0.0004025932333717,0.0004025932333717,1.785111749184063e-05,3.405200571044134e-21,1.7851117491840634e-05,1.7851117491840634e-05,1.7851117491840634e-05,,,,,,,,,,,0.0,0.0,0.0,0.0,0.0
0.0,8,mean,NA,4.141170677607893e-33,6.876747788628433e-49,4.141170677607892e-33,4.141170677607892e-33,4.141170677607892e-33,323.82876869759446,5.712978550373078e-14,323.8287686975945,323.8287686975945,323.8287686975945,0.0004025932333716999,5.448320913670614e-20,0.0004025932333717,0.0004025932333717,0.0004025932333717,1.7851117491840647e-05,3.405200571044134e-21,1.7851117491840644e-05,1.7851117491840644e-05,1.7851117491840644e-05,,,,,,,,,,,0.0,0.0,0.0,0.0,0.0
0.0,16,mean,NA,1.6122178638996727e-32,0.0,1.6122178638996727e-32,1.6122178638996727e-32,1.6122178638996727e-32,317.92576271032056,1.1425957100746156e-13,317.92576271032044,317.92576271032044,317.92576271032044,0.0004025932333716999,5.448320913670614e-20,0.0004025932333717,0.0004025932333717,0.0004025932333717,1.7851117491840654e-05,3.405200571044134e-21,1.7851117491840657e-05,1.7851117491840657e-05,1.7851117491840657e-05,,,,,,,,,,,0.0,0.0,0.0,0.0,0.0
0.0,32,mean,NA,5.2583881938723467e-33,1.3753495577256866e-48,5.258388193872345e-33,5.258388193872345e-33,5.258388193872345e-33,322.79147355804116,1.1425957100746156e-13,322.79147355804105,322.79147355804105,322.79147355804105,0.0004025932333716999,5.448320913670614e-20,0.0004025932333717,0.0004025932333717,0.0004025932333717,1.7851117491840654e-05,3.405200571044134e-21,1.7851117491840657e-05,1.7851117491840657e-05,1.7851117491840657e-05,,,,,,,,,,,0.0,0.0,0.0,0.0,0.0
0.0,64,mean,NA,3.4158977319152893e-31,4.401118584722197e-47,3.415897731915289e-31,3.415897731915289e-31,3.415897731915289e-31,304.66495140070174,1.1425957100746156e-13,304.66495140070185,304.66495140070185,304.66495140070185,0.0004025932333716999,5.448320913670614e-20,0.0004025932333717,0.0004025932333717,0.0004025932333717,1.785111749184062e-05,3.405200571044134e-21,1.7851117491840617e-05,1.7851117491840617e-05,1.7851117491840617e-05,,,,,,,,,,,0.0,0.0,0.0,0.0,0.0
0.0,128,mean,NA,5.607523121417985e-31,2.6406711508333185e-46,5.607523121417982e-31,5.607523121417982e-31,5.607523121417982e-31,302.5122892702122,5.712978550373078e-14,302.51228927021225,302.51228927021225,302.51228927021225,0.0004025932333716999,5.448320913670614e-20,0.0004025932333717,0.0004025932333717,0.0004025932333717,1.7851117491840637e-05,3.405200571044134e-21,1.785111749184064e-05,1.785111749184064e-05,1.785111749184064e-05,,,,,,,,,,,0.0,0.0,0.0,0.0,0.0
0.01,1,mean,NA,9.997651534787683e-05,3.95078387722222e-07,9.999251199941976e-05,9.941647909799641e-05,0.000100610384324715,40.001053626702536,0.017166230910388484,40.0003252165287,39.97357192073455,40.02541621845428,0.0023938844320099376,9.769714146072098e-06,0.00239315952067355,0.0023767466099364797,0.00240896219226414,0.000197920056236653,9.574062799791463e-07,0.0001979183138044,0.000196440279242035,0.00019933612370455999,,,,,,,,,,,0.0,0.0,0.0,0.0,0.0
0.01,2,mean,NA,5.001535925400159e-05,2.078977927861965e-07,5.0030009379379896e-05,4.971561109839132e-05,5.0321475547623315e-05,43.00900320886315,0.01804926129334484,43.00769416104455,42.98246661452682,43.03507218187733,0.0013991353077257502,6.033116900477196e-06,0.0013992096712145,0.001389101254657475,0.00140841220587322,0.000107974675353423,5.722256819431587e-07,0.0001080293773778,0.00010705672392081,0.00010875675546522999,,,,,,,,,,,0.0,0.0,0.0,0.0,0.0
0.01,4,mean,NA,2.5006290304132002e-05,8.871801259164808e-08,2.5009762380513507e-05,2.4861985937154433e-05,2.5154960766891382e-05,46.01953435208152,0.015399474061684343,46.018904368450706,45.99376356521343,46.044641844565916,0.000900281975428218,2.8032534054285675e-06,0.00090026890414965,0.0008954900470899901,0.000905073751480565,6.285316088259662e-05,2.678713538190273e-07,6.283773281592304e-05,6.240714360382469e-05,6.329674219451034e-05,,,,,,,,,,,0.0,0.0,0.0,0.0,0.0
0.01,8,mean,NA,1.2500411351933102e-05,4.290439397234555e-08,1.2500292456569686e-05,1.2437620102926444e-05,1.2562069637129809e-05,49.0307822838611,0.014908331027888461,49.03079849425564,49.00938804253783,49.05262712498552,0.0006515416567407059,1.6292484862447204e-06,0.00065168493073445,0.00064871326952913,0.00065378274316069,4.037651874413685e-05,1.571689485413367e-07,4.03866366978018e-05,4.015059086891096e-05,4.0652011747449845e-05,,,,,,,,,,,0.0,0.0,0.0,0.0,0.0
0.01,16,mean,NA,6.245976804982243e-06,1.8387742078962475e-08,6.244986283462258e-06,6.216044935848191e-06,6.277724287597122e-06,52.04401495781158,0.012784037808386134,52.04468511430784,52.02197762494612,52.064858554070355,0.000527172447198217,1.0714995168755896e-06,0.00052706496546775,0.000525582170184285,0.000528899109323405,2.911139739027836e-05,9.506078241117442e-08,2.910954540838271e-05,2.8956821051328863e-05,2.92818080223371e-05,,,,,,,,,,,0.0,0.0,0.0,0.0,0.0
0.01,32,mean,NA,3.1255152882235103e-06,1.0351336851105545e-08,3.126653420517577e-06,3.1086162143230947e-06,3.1411413197445017e-06,55.050807313738595,0.014387737120845496,55.04920256245039,55.02912528220331,55.07432892586101,0.00046490600717881013,6.551853700688451e-07,0.00046492856120045,0.000463866320558235,0.00046595323091677,2.3487922505478664e-05,6.068749418002966e-08,2.348617449814819e-05,2.339027505345696e-05,2.358903304232451e-05,,,,,,,,,,,0.0,0.0,0.0,0.0,0.0
0.01,64,mean,NA,1.5635840159215054e-06,5.652847650327749e-09,1.5637590385753162e-06,1.5534893998006594e-06,1.5715059327926533e-06,58.05881590482328,0.01571267767755973,58.05830167273666,58.036839758033324,58.08691706793083,0.00043370034261084803,5.069119295393913e-07,0.0004337870474851,0.00043280066159686,0.000434334800298075,2.065953582600172e-05,4.807753920393637e-08,2.066271993818802e-05,2.0577022230453162e-05,2.0729660270649368e-05,,,,,,,,,,,0.0,0.0,0.0,0.0,0.0
0.01,128,mean,NA,7.811686660728904e-07,2.8859253960458235e-09,7.815304818634846e-07,7.76160956869795e-07,7.861441539441071e-07,61.07258119070032,0.01604331885309078,61.07054078622735,61.04497810813074,61.100482087768455,0.00041810715104996293,3.7002943905995253e-07,0.00041810610944545,0.00041753306939693003,0.00041866757133255,1.9258167416673146e-05,3.1416482783080044e-08,1.9257873847618576e-05,1.920452129154984e-05,1.9310540864769018e-05,,,,,,,,,,,0.0,0.0,0.0,0.0,0.0
0.02,1,mean,NA,0.0004003720414674699,1.111795588484433e-06,0.0004003324703695,0.000398530448515245,0.0004021225443223,33.97537914331562,0.012055001900328561,33.975791835037846,33.956415889565314,33.99538492050707,0.00838158606174435,3.0773186149154825e-05,0.00838468081163795,0.00832717983008561,0.008426439804257856,0.0007384272411799461,3.001445192808123e-06,0.0007384545558981499,0.000733565761943055,0.00074334407472473,,,,,,,,,,,0.0,0.0,0.0,0.0,0.0
0.02,2,mean,NA,0.00019993503857657001,7.068705975341053e-07,0.0001999431604489,0.00019875450374416,0.0002010194819172,36.991137758670064,0.015352506682296612,36.99093448875593,36.967618508996345,37.016830218355274,0.0043868985218452495,2.0168400736505083e-05,0.004385169773349001,0.00435997302994929,0.004419920354507045,0.00037800068315169507,1.88896386549878e-06,0.0003779447020871,0.00037545020259161004,0.000380957234838095,,,,,,,,,,,0.0,0.0,0.0,0.0,0.0
0.02,4,mean,NA,0.00010002910276312173,3.5783674317159397e-07,0.00010009156850470001,9.951073813821334e-05,0.00010058960178072,39.99876376028727,0.015528668615626904,39.996025062782834,39.974469209808625,40.02130052396864,0.002395541798961039,1.0263378029650682e-05,0.0023952763184375,0.00237912116711689,0.0024130055396445397,0.00019803225342681803,9.38266318724921e-07,0.00019802671138569999,0.000196533988459715,0.00019977611399889502,,,,,,,,,,,0.0,0.0,0.0,0.0,0.0
0.02,8,mean,NA,4.998792918379155e-05,1.694837871716453e-07,5.0001818124002136e-05,4.969121784777473e-05,5.023542792092874e-05,43.01137326768561,0.014731124068325687,43.010142044994765,42.98989893989181,43.03720363894155,0.0013980542377184152,5.290387454323282e-06,0.001398261068501,0.00138931997157096,0.00140743527346595,0.000107872409268705,4.762460694913039e-07,0.00010789915283035,0.0001070910294488,0.00010865102934917,,,,,,,,,,,0.0,0.0,0.0,0.0,0.0
0.02,16,mean,NA,2.4993460598900023e-05,8.977092833196372e-08,2.4996739145884638e-05,2.483951206333325e-05,2.5125611830806722e-05,46.02176381806663,0.015604032219358221,46.02116642278076,45.99883358679345,46.048569463193,0.0009003151518429422,3.212748792470145e-06,0.0009000630153462,0.0008958271860560651,0.00090489097310577,6.286337595280179e-05,2.930968395708645e-07,6.28643196947441e-05,6.24352272433413e-05,6.331728197102123e-05,,,,,,,,,,,0.0,0.0,0.0,0.0,0.0
0.02,32,mean,NA,1.25030052494391e-05,4.656217040655022e-08,1.2505719347277155e-05,1.2418330885163517e-05,1.2575338278271787e-05,49.02988569261478,0.016178909400270527,49.02891321966378,49.004803237398384,49.059367731243135,0.0006518777649615132,1.7704270089797814e-06,0.0006518542708677,0.00064894032515713,0.00065419820473877,4.037725676115814e-05,1.642794846425916e-07,4.039333958588969e-05,4.01472227886398e-05,4.05943261067284e-05,,,,,,,,,,,0.0,0.0,0.0,0.0,0.0
0.02,64,mean,NA,6.2539843566551005e-06,2.072028948244214e-08,6.253298394470238e-06,6.222740013626086e-06,6.284620662163975e-06,52.0384557172659,0.014400488028069541,52.0389084719287,52.01720932214405,52.060183470607576,0.000527111055526038,1.0805691942852692e-06,0.00052711130488465,0.00052520715398743,0.000528883999139945,2.9115958525755717e-05,1.0594843614352393e-07,2.911732032521155e-05,2.8940761761177605e-05,2.9279177983184393e-05,,,,,,,,,,,9.765625e-10,9.765624999999997e-09,0.0,0.0,0.0
0.02,128,mean,NA,3.1245369504514142e-06,1.1185391623093013e-08,3.1248053983346424e-06,3.105744136136658e-06,3.141973287573923e-06,55.05217091675106,0.01555406032529506,55.05177023829455,55.02797511590751,55.07834327154023,0.00046485705626333996,6.539581263082491e-07,0.0004648779818961,0.00046371732142273,0.00046577365983509,2.3476587598266048e-05,6.067793960321637e-08,2.3477861234432832e-05,2.337825028900296e-05,2.3571642535510565e-05,,,,,,,,,,,0.0,0.0,0.0,0.0,0.0
0.03,1,mean,NA,0.0008997921815529988,3.669904224871931e-06,0.0008996734686987,0.00089407679394391,0.00090647227355968,30.45861360291549,0.01771076611021538,30.459150869060977,30.426454753171633,30.486251774037033,0.01832403825122314,8.645690250877857e-05,0.01832681095045785,0.018174268193697548,0.018472055695683342,0.001635003401902356,7.862853219598577e-06,0.0016351798704973,0.001620444505740045,0.001647850878300375,,,,,,,,,,,1.25e-07,8.794080883518108e-07,0.0,0.0,0.0
0.03,2,mean,NA,0.00045016490851346397,1.5808832485356844e-06,0.00044998294771125,0.00044773310181548,0.000452845783901575,33.46631012355128,0.015246217661767644,33.46803943694762,33.44049671296353,33.48980796468522,0.009375433563418351,4.425368975887915e-05,0.0093733701818357,0.009310714049731786,0.009453627248761951,0.0008284892464285999,4.027530974400219e-06,0.00082860201352075,0.00082254981702745,0.00083542989196639,,,,,,,,,,,4.0625000000000003e-07,1.0562427155925972e-06,0.0,0.0,3.125e-06
0.03,4,mean,NA,0.00022509534520675606,8.567946214725184e-07,0.00022510358982689998,0.00022371707079393502,0.00022657785627612,36.47636598218103,0.016522060973401618,36.476175790847236,36.44782539369814,36.5030087569065,0.004886201171120579,2.2572465971176253e-05,0.004884944255146351,0.004852651045045574,0.00492474113017323,0.0004230181968210249,2.081718437244833e-06,0.0004227550831297,0.000419843538563485,0.000426601728940375,,,,,,,,,,,3.7499999999999996e-07,6.706792124858247e-07,0.0,0.0,1.5625e-06
0.03,8,mean,NA,0.00011253638213212501,3.9216114299616543e-07,0.0001125477131769,0.000111884408557595,0.00011316481890923501,39.48709661678431,0.015135314890536903,39.48663325849752,39.462885672153746,39.51230429614162,0.0026452369730797748,1.1864384611208694e-05,0.0026447754051660997,0.002627119962705685,0.002663529011519155,0.00022060364685452802,1.0266358584305753e-06,0.00022052450442169998,0.00021871894426642998,0.00022214450725343502,,,,,,,,,,,3.125e-07,4.5783805884975666e-07,0.0,0.0,8.203124999999978e-07
0.03,16,mean,NA,5.6265623654932904e-05,2.1095392275297556e-07,5.628584477466765e-05,5.5884201495629815e-05,5.661876545389196e-05,42.49759886786659,0.016290498667083337,42.496008123202316,42.47039604547937,42.527109506670456,0.0015237902824141133,6.303011979780837e-06,0.0015241131112689,0.0015146065653639349,0.001534114298687765,0.000119205561736572,5.223205584511195e-07,0.00011918206421980001,0.00011824866273697,0.000120050687228905,,,,,,,,,,,3.124999999999999e-07,3.8063293538857784e-07,3.90625e-07,0.0,8.007812499999989e-07
0.03,32,mean,NA,2.812619969175406e-05,1.1196915904047834e-07,2.8129271783406915e-05,2.7948309376795094e-05,2.8324506559371095e-05,45.50892349618717,0.017283550265697816,45.50841510855257,45.478376528557746,45.53644458072139,0.000962974403590293,3.653866303581419e-06,0.0009627522691756001,0.00095757601720246,0.000968393931576375,6.854260349287684e-05,3.4744569390980365e-07,6.852009923160977e-05,6.801240446664762e-05,6.914253917540227e-05,,,,,,,,,,,3.3984375000000005e-07,2.583666946780801e-07,3.90625e-07,0.0,7.8125e-07
0.03,64,mean,NA,1.406050008547253e-05,4.7416796535999406e-08,1.4065240139787463e-05,1.3979606212887146e-05,1.4138721239211782e-05,48.520016780414316,0.01464845658697268,48.51852849693037,48.49589870364811,48.54505062322062,0.0006824896186341309,1.5923782441904239e-06,0.0006825322949951999,0.00067993138424554,0.0006849008597245301,4.31632361692803e-05,1.431450584068088e-07,4.316584426477416e-05,4.295191221768148e-05,4.337700962422406e-05,,,,,,,,,,,3.056640625e-07,1.6694144515080613e-07,2.9296875e-07,9.765625e-08,6.8359375e-07
0.03,128,mean,NA,7.028207199881624e-06,2.4134727879895304e-08,7.0288979019466e-06,6.987045390086413e-06,7.0641711862567115e-06,51.53157976270642,0.014903718614654352,51.53112764985053,51.50938814659684,51.55706435526309,0.000542443031990318,1.1116477491654532e-06,0.0005424598978239,0.000540752722827415,0.0005441156993377299,3.0500177405637946e-05,1.0741583532824412e-07,3.051245956056901e-05,3.0322621625246275e-05,3.067168352868285e-05,,,,,,,,,,,2.9248046875e-07,1.2366189386514042e-07,2.9296875e-07,9.765625e-08,4.907226562499999e-07
0.04,1,mean,NA,0.001599630226326461,5.448361949395765e-06,0.0015993088823548001,0.00159159569452306,0.00160801553068408,27.959828911157842,0.014788091079801976,27.96067650886249,27.93709761133168,27.98167244381662,0.032251475018154695,0.00013816352232615586,0.032249527912156795,0.03202606774185168,0.03246883724618585,0.002884858276854076,1.2517090778108531e-05,0.0028835359360184004,0.00286574054285044,0.00290520593550228,,,,,,,,,,,5.937500000000001e-06,6.242103597604924e-06,6.25e-06,0.0,1.875e-05
0.04,2,mean,NA,0.0008003298314702919,2.671197674276763e-06,0.00080019491403515,0.00079576432329381,0.00080530789763698,30.96733388334592,0.014488956180532524,30.968042140629535,30.9403804205918,30.99215536221091,0.01634907681648973,7.270399616592386e-05,0.0163432767830317,0.0162273646762117,0.016487237758233412,0.0014567993376283512,6.105842416272785e-06,0.001456221886395,0.0014476611288757651,0.001468682276842895,,,,,,,,,,,6.6875e-06,4.508252113758958e-06,6.25e-06,0.0,1.5625e-05
0.04,4,mean,NA,0.00040016916054909596,1.5138466525499902e-06,0.0004002141134302,0.00039772979977322,0.00040254464385650995,33.97759460423397,0.016429826676720955,33.97707600260617,33.951859499125284,34.00411870219097,0.008374732471986135,3.5537063197190626e-05,0.0083790300167466,0.008318446321377035,0.00843291414113205,0.0007381227904186559,3.389827627920007e-06,0.0007378936314852,0.0007332337633675851,0.000743491611346225,,,,,,,,,,,5.359375e-06,2.648812373837175e-06,4.6875e-06,1.5625e-06,9.375e-06
0.04,8,mean,NA,0.000199974605823664,6.711549037697889e-07,0.0001999965507426,0.000198794620036755,0.00020111979287247501,36.99027572784014,0.014578922401527082,36.98977497219632,36.965451869311316,37.01595373139304,0.004386540594977448,1.961118164081676e-05,0.00438717216837685,0.004358789169618505,0.004416101450645075,0.00037791407197177405,1.7883013670074972e-06,0.0003779323334073,0.00037455630627372503,0.00038077294412597004,,,,,,,,,,,5.851562500000001e-06,2.2110893278257663e-06,5.46875e-06,3.125e-06,9.375e-06
0.04,16,mean,NA,9.998720383494288e-05,3.658346396689236e-07,9.997461235152558e-05,9.945080227244022e-05,0.000100635804011405,40.000584517664535,0.01587890027981512,40.001102732540346,39.97247479340525,40.02391711071912,0.002394127215195185,1.0376430342818245e-05,0.0023936469185174497,0.002377659611628795,0.0024088277021766247,0.00019790809360287803,8.886070637830681e-07,0.00019792313361785,0.00019655117796628,0.00019929891835668002,,,,,,,,,,,5.9179687499999994e-06,1.6862081998487192e-06,5.859375e-06,3.125e-06,8.61328125e-06
0.04,32,mean,NA,5.001802297553343e-05,1.743193006926569e-07,5.000569171687438e-05,4.975586830991877e-05,5.02968046222981e-05,43.00876090060748,0.015138539860884474,43.009805614237536,42.98459605458293,43.0315569558268,0.001399121913756817,5.007692980323081e-06,0.0013994264033147501,0.0013912976053508052,0.001406279603199055,0.000107987286386286,4.758652931531747e-07,0.00010800118430960001,0.000107219019354,0.00010867557942579,,,,,,,,,,,6.037109375000001e-06,9.369305766232295e-07,6.0546875e-06,4.4921875e-06,7.431640625e-06
0.04,64,mean,NA,2.4987186560740997e-05,7.868859535862197e-08,2.4993412158020498e-05,2.4864004014769675e-05,2.5125000752011955e-05,46.02284772858856,0.013677945495005122,46.02174448947362,45.998939167865466,46.04428933185333,0.000900195050079111,3.3339272041465405e-06,0.0009003618147677499,0.00089524515383714,0.0009052139948982449,6.28892252949223e-05,3.0552900927396213e-07,6.287171625422747e-05,6.236400839320638e-05,6.338708831528207e-05,,,,,,,,,,,5.9677734375e-06,8.25600436002607e-07,5.95703125e-06,4.78515625e-06,7.421875e-06
0.04,128,mean,NA,1.2498292931822602e-05,4.127377408581197e-08,1.2497504275525324e-05,1.243115124081992e-05,1.2567658342843523e-05,49.03151644410598,0.014338837939438248,49.03176706502471,49.0074563858275,49.05488655118684,0.00065143455528424,1.7781934948801848e-06,0.00065152656641695,0.00064893345542353,0.000654868111075235,4.037906139714307e-05,1.50319113057945e-07,4.036996689149808e-05,4.0142311819426904e-05,4.0624070569557714e-05,,,,,,,,,,,6.0288085937499985e-06,5.849278031616321e-07,5.9814453125e-06,5.078125e-06,7.0361328125e-06
0.0,1,single,NA,0.0,0.0,0.0,0.0,0.0,,,,,,0.0004025932333716999,5.448320913670614e-20,0.0004025932333717,0.0004025932333717,0.0004025932333717,1.785111749184063e-05,3.405200571044134e-21,1.7851117491840634e-05,1.7851117491840634e-05,1.7851117491840634e-05,,,,,,,,,,,0.0,0.0,0.0,0.0,0.0
0.0,2,single,NA,0.0,0.0,0.0,0.0,0.0,,,,,,0.0004025932333716999,5.448320913670614e-20,0.0004025932333717,0.0004025932333717,0.0004025932333717,1.785111749184063e-05,3.405200571044134e-21,1.7851117491840634e-05,1.7851117491840634e-05,1.7851117491840634e-05,,,,,,,,,,,0.0,0.0,0.0,0.0,0.0
0.0,4,single,NA,0.0,0.0,0.0,0.0,0.0,,,,,,0.0004025932333716999,5.448320913670614e-20,0.0004025932333717,0.0004025932333717,0.0004025932333717,1.785111749184063e-05,3.405200571044134e-21,1.7851117491840634e-05,1.7851117491840634e-05,1.7851117491840634e-05,,,,,,,,,,,0.0,0.0,0.0,0.0,0.0
0.0,8,single,NA,0.0,0.0,0.0,0.0,0.0,,,,,,0.0004025932333716999,5.448320913670614e-20,0.0004025932333717,0.0004025932333717,0.0004025932333717,1.785111749184063e-05,3.405200571044134e-21,1.7851117491840634e-05,1.7851117491840634e-05,1.7851117491840634e-05,,,,,,,,,,,0.0,0.0,0.0,0.0,0.0
0.0,16,single,NA,0.0,0.0,0.0,0.0,0.0,,,,,,0.0004025932333716999,5.448320913670614e-20,0.0004025932333717,0.0004025932333717,0.0004025932333717,1.785111749184063e-05,3.405200571044134e-21,1.7851117491840634e-05,1.7851117491840634e-05,1.7851117491840634e-05,,,,,,,,,,,0.0,0.0,0.0,0.0,0.0
0.0,32,single,NA,0.0,0.0,0.0,0.0,0.0,,,,,,0.0004025932333716999,5.448320913670614e-20,0.0004025932333717,0.0004025932333717,0.0004025932333717,1.785111749184063e-05,3.405200571044134e-21,1.7851117491840634e-05,1.7851117491840634e-05,1.7851117491840634e-05,,,,,,,,,,,0.0,0.0,0.0,0.0,0.0
0.0,64,single,NA,0.0,0.0,0.0,0.0,0.0,,,,,,0.0004025932333716999,5.448320913670614e-20,0.0004025932333717,0.0004025932333717,0.0004025932333717,1.785111749184063e-05,3.405200571044134e-21,1.7851117491840634e-05,1.7851117491840634e-05,1.7851117491840634e-05,,,,,,,,,,,0.0,0.0,0.0,0.0,0.0
0.0,128,single,NA,0.0,0.0,0.0,0.0,0.0,,,,,,0.0004025932333716999,5.448320913670614e-20,0.0004025932333717,0.0004025932333717,0.0004025932333717,1.785111749184063e-05,3.405200571044134e-21,1.7851117491840634e-05,1.7851117491840634e-05,1.7851117491840634e-05,,,,,,,,,,,0.0,0.0,0.0,0.0,0.0
0.01,1,single,NA,9.997651534787683e-05,3.95078387722222e-07,9.999251199941976e-05,9.941647909799641e-05,0.000100610384324715,40.001053626702536,0.017166230910388484,40.0003252165287,39.97357192073455,40.02541621845428,0.0023938844320099376,9.769714146072098e-06,0.00239315952067355,0.0023767466099364797,0.00240896219226414,0.000197920056236653,9.574062799791463e-07,0.0001979183138044,0.000196440279242035,0.00019933612370455999,,,,,,,,,,,0.0,0.0,0.0,0.0,0.0
0.01,2,single,NA,0.00010001407046487731,3.513380352809846e-07,0.0001000424379738,9.944849639413774e-05,0.000100544707713525,39.99941551152922,0.015261585657010173,39.998157342711536,39.97640787331508,40.02401778865036,0.002395749289518577,1.1000072489296446e-05,0.0023949097201421497,0.002378360025836145,0.00241116213852091,0.000198086081324355,9.95514014507917e-07,0.00019820529684694998,0.000196415476567065,0.000199556484146095,,,,,,,,,,,0.0,0.0,0.0,0.0,0.0
0.01,4,single,NA,0.00010005705051937558,3.3782281596702425e-07,0.0001000569846815,9.954459498922427e-05,0.00010055486324202,39.99754754418835,0.014665030588110632,39.997525892381105,39.97596920479145,40.01982317753594,0.002394636817698661,1.0317669763968749e-05,0.0023931861501750498,0.0023778657378509646,0.00241051105976389,0.00019797917096385598,9.361771489516041e-07,0.0001978899055978,0.00019666125297428,0.00019940410894935,,,,,,,,,,,0.0,0.0,0.0,0.0,0.0
0.01,8,single,NA,0.00010001682131440327,4.023761231640426e-07,9.998502671906694e-05,9.942720823536256e-05,0.000100721433273965,39.99930429482836,0.0174643455511726,40.00065033045956,39.96878103444337,40.02494754747019,0.0023942840115053223,1.071466306960191e-05,0.0023931528075260998,0.002379075558547145,0.00241189148559698,0.00019802487607953505,8.825940074418566e-07,0.00019792264801410001,0.00019673443997493,0.00019954644008254,,,,,,,,,,,0.0,0.0,0.0,0.0,0.0
0.01,16,single,NA,9.997139825851721e-05,3.538322025027032e-07,0.00010000429595345,9.943534773105547e-05,0.00010051645502507499,40.001269292217984,0.015382682842197983,39.999813436996405,39.97762836377165,40.024592042751415,0.0023945342771213647,1.0474473971525729e-05,0.0023933091821399504,0.00237781727272715,0.00241053457546849,0.00019794644386122,9.245981114651069e-07,0.0001978711339011,0.00019641590105746,0.00019942439427924,,,,,,,,,,,0.0,0.0,0.0,0.0,0.0
0.01,32,single,NA,0.00010001271838796301,3.399402448982943e-07,0.0001000132973587,9.936665078265717e-05,0.000100618421606155,39.99947253669236,0.014769584582206565,39.99942254179484,39.97322499718618,40.02759348325858,0.00239577893741814,9.079209746135828e-06,0.00239556228249365,0.00238239588669589,0.002412636842407075,0.00019807927629506003,7.908164316007564e-07,0.0001980274205965,0.000196934342503,0.000199501457740305,,,,,,,,,,,0.0,0.0,0.0,0.0,0.0
0.01,64,single,NA,9.999638564998853e-05,3.9870154049545204e-07,0.00010003638046355,9.938116623127518e-05,0.000100594209159305,40.00019117544591,0.017326597900732606,39.99842030853338,39.97427021595989,40.026959111893326,0.002394328011634759,9.780607297586666e-06,0.0023942483688301,0.002380962579728005,0.002410988118808315,0.00019797701522665696,9.954307512096289e-07,0.00019786666646129999,0.00019651105958513,0.00019972874892997,,,,,,,,,,,0.0,0.0,0.0,0.0,0.0
0.01,128,single,NA,0.00010001123365319934,3.143525894840715e-07,0.00010001112841985,9.95661366051489e-05,0.00010055435998163501,39.999533398839404,0.013652669922667256,39.999516725877,39.97599095604663,40.0188834417524,0.002395434030703612,9.123765702935722e-06,0.002395340742803,0.0023815215911883202,0.002411130572455855,0.00019808962706240597,8.327755313764296e-07,0.0001981570780611,0.000196756271319545,0.00019962955038101,,,,,,,,,,,0.0,0.0,0.0,0.0,0.0
0.02,1,single,NA,0.0004003720414674699,1.111795588484433e-06,0.0004003324703695,0.000398530448515245,0.0004021225443223,33.97537914331562,0.012055001900328561,33.975791835037846,33.956415889565314,33.99538492050707,0.00838158606174435,3.0773186149154825e-05,0.00838468081163795,0.00832717983008561,0.008426439804257856,0.0007384272411799461,3.001445192808123e-06,0.0007384545558981499,0.000733565761943055,0.00074334407472473,,,,,,,,,,,0.0,0.0,0.0,0.0,0.0
0.02,2,single,NA,0.000399939770292051,1.4018021202407805e-06,0.0004001220567257,0.000398056154510605,0.000401912765924495,33.98008054366617,0.015248850281867846,33.97807507839545,33.95868206291975,34.000556579691434,0.008370579244166704,3.687155645995525e-05,0.00837254404753435,0.00830698663213634,0.008419505334075449,0.000737730105214824,3.4609234668776947e-06,0.0007383236978371,0.00073157846817917,0.00074253921943578,,,,,,,,,,,0.0,0.0,0.0,0.0,0.0
0.02,4,single,NA,0.000399958125580178,1.2864954961620781e-06,0.00039995709881305,0.00039814914907732,0.000401917662544975,33.97987700493114,0.013972498523101926,33.97986596693438,33.95862908130071,33.99954212201652,0.008371491961105527,3.39187076434519e-05,0.008372789785846501,0.00831022566755866,0.008421459257879519,0.0007375788838202809,3.0417776989669186e-06,0.00073766146702745,0.00073223584680956,0.00074198338485457,,,,,,,,,,,0.0,0.0,0.0,0.0,0.0
0.02,8,single,NA,0.00039983898044545796,1.4997115067915187e-06,0.00039973607195655,0.00039775476032287996,0.00040247541678681997,33.98117889267578,0.016274424823870936,33.982266595149724,33.95260643207233,34.00384614163159,0.00836444586763021,4.3114001957261455e-05,0.00836867422876375,0.008295763344513535,0.008439089702883325,0.0007373455704767023,3.783157482104349e-06,0.00073741113888745,0.0007311403999779151,0.00074391533448833,,,,,,,,,,,0.0,0.0,0.0,0.0,0.0
0.02,16,single,NA,0.00040015273142741297,1.577885016062139e-06,0.000400207876184,0.0003977179712684,0.00040264612296783003,33.97777557005809,0.01712549967782954,33.977143686586125,33.95076478335583,34.004247845830434,0.00837497844215105,3.9527541417785336e-05,0.00837312830174785,0.0083077846587012,0.0084424005537945,0.0007379560794181301,3.3686935038054236e-06,0.000737903198326,0.000732234182717235,0.000743587910106855,,,,,,,,,,,0.0,0.0,0.0,0.0,0.0
0.02,32,single,NA,0.0003997370109085951,1.4451745926414353e-06,0.0003998338106937,0.000397760405682715,0.00040231977771249997,33.98228449019727,0.01570039524116378,33.9812048397647,33.954286177211415,34.003784615648584,0.008372422296004746,4.064726006894259e-05,0.0083745353083977,0.008304613032318095,0.008434484483741424,0.0007376688864049161,3.316448741940705e-06,0.00073781310586015,0.000732423537181515,0.000742868698119785,,,,,,,,,,,0.0,0.0,0.0,0.0,0.0
0.02,64,single,NA,0.000400022859629547,1.4313743680646953e-06,0.0004000858084449,0.00039773567036341,0.00040247781709342503,33.97917942119459,0.01553911282437938,33.97846854728323,33.9525805120867,34.00405458319883,0.008372506671956003,3.818288336481799e-05,0.0083737913301264,0.00830834571043612,0.008431384975457524,0.00073769001902354,3.4856537222342194e-06,0.00073778506914465,0.0007312793733583099,0.00074294368349202,,,,,,,,,,,9.765625e-10,9.765624999999997e-09,0.0,0.0,0.0
0.02,128,single,NA,0.000399976715250738,1.6164878089467445e-06,0.0003999257842719,0.00039747952480001,0.00040255092349677,33.97968801166281,0.017549539050834624,33.98020595074075,33.95179178762631,34.00685238271836,0.008368514361579272,3.8687376449525846e-05,0.0083713520489158,0.008311310979838725,0.008428510152793126,0.000737522143295414,3.349506427764518e-06,0.00073738753128765,0.00073199815187217,0.000743240639877025,,,,,,,,,,,0.0,0.0,0.0,0.0,0.0
0.03,1,single,NA,0.0008997921815529988,3.669904224871931e-06,0.0008996734686987,0.00089407679394391,0.00090647227355968,30.45861360291549,0.01771076611021538,30.459150869060977,30.426454753171633,30.486251774037033,0.01832403825122314,8.645690250877857e-05,0.01832681095045785,0.018174268193697548,0.018472055695683342,0.001635003401902356,7.862853219598577e-06,0.0016351798704973,0.001620444505740045,0.001647850878300375,,,,,,,,,,,1.25e-07,8.794080883518108e-07,0.0,0.0,0.0
0.03,2,single,NA,0.000900319636421714,3.0071617540802777e-06,0.00089990949819015,0.00089580510057852,0.0009049229876976151,30.45605675421968,0.014503705086509673,30.458011643890494,30.433883794722718,30.477864690993776,0.01834175958032594,8.263944556953382e-05,0.01833515139946165,0.01820668722625776,0.018468407515878416,0.0016359215331545887,6.873935012358185e-06,0.0016367763859011,0.001623331875257925,0.0016453761551408251,,,,,,,,,,,4.0625000000000003e-07,1.0562427155925972e-06,0.0,0.0,3.125e-06
0.03,4,single,NA,0.0009003625791124299,3.2517677941405437e-06,0.0009002769155064499,0.00089546463040217,0.000905926335874255,30.45585366409681,0.01568028415696109,30.45623885760732,30.429071190878187,30.479515635636762,0.01834240811370417,8.611318476154338e-05,0.0183398674085237,0.018213009009689186,0.01848996420178987,0.0016359937618054027,7.651644354632009e-06,0.00163557104708085,0.001622927908076035,0.001649058563101825,,,,,,,,,,,3.7499999999999996e-07,6.706792124858247e-07,0.0,0.0,1.5625e-06
0.03,8,single,NA,0.0009001244161487918,3.2326444720217905e-06,0.0009001521823837,0.00089388839152813,0.0009047623320912,30.45700231505314,0.015601413164869377,30.456840700736237,30.434654933063115,30.48716702978437,0.018328795823821215,9.349139502943824e-05,0.0183370002515802,0.01816099102318058,0.018464419038757122,0.0016349946396395521,8.298758920564473e-06,0.0016350995091901,0.00162183243297898,0.001649230239887215,,,,,,,,,,,3.125e-07,4.5783805884975666e-07,0.0,0.0,8.203124999999978e-07
0.03,16,single,NA,0.00090024963642572,3.395983432838256e-06,0.0009001834928100501,0.0008956086230239,0.0009055255289208949,30.456401057676608,0.016388044703817564,30.456689556685937,30.430993088720893,30.478817336387753,0.018329253015871846,8.115677538280989e-05,0.0183261783691943,0.01820166413082892,0.018467759915423158,0.0016351697480153978,6.855029272700835e-06,0.001635497169081,0.0016238745772805,0.0016475370652070751,,,,,,,,,,,3.124999999999999e-07,3.8063293538857784e-07,3.90625e-07,0.0,8.007812499999989e-07
0.03,32,single,NA,0.000900576598354863,3.314490497415306e-06,0.00090031946254505,0.0008952180444959401,0.00090614503548377,30.45482252973592,0.01597803396124571,30.456033614485754,30.428023055913567,30.480711764802514,0.01834496477205105,7.795696907976063e-05,0.01835153902366945,0.01821716919258658,0.018461784845416874,0.0016364227442138808,6.988340884286554e-06,0.0016371798426554,0.001623975800416555,0.0016462951429402801,,,,,,,,,,,3.3984375000000005e-07,2.583666946780801e-07,3.90625e-07,0.0,7.8125e-07
0.03,64,single,NA,0.000899435583525169,3.461202677723645e-06,0.00089963670737135,0.000893920583577995,0.00090465774517653,30.460331175510664,0.016709456161079727,30.459328371838637,30.435156952540574,30.487010631258805,0.018316870590392713,9.461674646622715e-05,0.01831841220008935,0.018165890611655966,0.018475408613549106,0.0016341391725320249,7.683161837435853e-06,0.0016338606389942,0.0016240583776068098,0.001646952694439825,,,,,,,,,,,3.056640625e-07,1.6694144515080613e-07,2.9296875e-07,9.765625e-08,6.8359375e-07
0.03,128,single,NA,0.000899867738783669,3.5168445326551195e-06,0.00090018639794505,0.000893898524423365,0.0009050909237154351,30.458246050612473,0.016987477090611526,30.456675536611435,30.43307790854665,30.48711781286894,0.01831955269968824,8.59124511155118e-05,0.01831965013602275,0.018169297437433844,0.01847430237531209,0.001634358423797405,8.028086792543908e-06,0.0016343971118724,0.0016200488822497952,0.0016461221703260851,,,,,,,,,,,2.9248046875e-07,1.2366189386514042e-07,2.9296875e-07,9.765625e-08,4.907226562499999e-07
0.04,1,single,NA,0.001599630226326461,5.448361949395765e-06,0.0015993088823548001,0.00159159569452306,0.00160801553068408,27.959828911157842,0.014788091079801976,27.96067650886249,27.93709761133168,27.98167244381662,0.032251475018154695,0.00013816352232615586,0.032249527912156795,0.03202606774185168,0.03246883724618585,0.002884858276854076,1.2517090778108531e-05,0.0028835359360184004,0.00286574054285044,0.00290520593550228,,,,,,,,,,,5.937500000000001e-06,6.242103597604924e-06,6.25e-06,0.0,1.875e-05
0.04,2,single,NA,0.0016012964341544558,5.357369414627828e-06,0.00160119935787005,0.0015927031710792601,0.001609741556021545,27.955306698590643,0.014530440600067427,27.95554592864673,27.93243845228444,27.978651604436113,0.03229910564131011,0.0001346492392234661,0.0322929200644749,0.032101443648412456,0.03251068614253269,0.002889173559578933,1.2586072634173115e-05,0.0028884465132011,0.002870200757034055,0.0029097441753500298,,,,,,,,,,,6.6875e-06,4.508252113758958e-06,6.25e-06,0.0,1.5625e-05
0.04,4,single,NA,0.0016000378087244196,6.333099978662087e-06,0.0015987650544469,0.0015915770272219652,0.00161129619295394,27.958731178661125,0.017170884260426095,27.96215357473504,27.928246215428874,27.98172338094169,0.032278840866514516,0.00016113912197931044,0.0322611962994883,0.032031968694649644,0.03253233747684754,0.0028866492405177787,1.4057892422899394e-05,0.0028873130702237,0.0028662041586410753,0.002909703518575235,,,,,,,,,,,5.359375e-06,2.648812373837175e-06,4.6875e-06,1.5625e-06,9.375e-06
0.04,8,single,NA,0.0016002045345656537,5.448045058966183e-06,0.0015997458997154,0.0015919028249427101,0.0016089784016128101,27.958269942717884,0.01478235184037299,27.959489942911517,27.934497862257054,27.98083446573368,0.0322679686042533,0.00013810302510819242,0.032266142590166955,0.032061031261975424,0.03251884349709773,0.0028872617460118355,1.2525830194412569e-05,0.0028871257925509,0.0028679226760517347,0.0029094567198410352,,,,,,,,,,,5.851562500000001e-06,2.2110893278257663e-06,5.46875e-06,3.125e-06,9.375e-06
0.04,16,single,NA,0.0016000502746114453,5.695459173964725e-06,0.00159951854545945,0.0015907190788912251,0.00161050221101652,27.958690939729063,0.01545396535564504,27.960107204484764,27.93038676701185,27.984065117601407,0.032290066029796144,0.0001471843331051047,0.0322944278473013,0.03209240726610347,0.03255601692722173,0.0028893419060648236,1.272052638375308e-05,0.0028887738355670503,0.00286985631347809,0.00291056200315253,,,,,,,,,,,5.9179687499999994e-06,1.6862081998487192e-06,5.859375e-06,3.125e-06,8.61328125e-06
0.04,32,single,NA,0.001600802005354206,6.72122667022178e-06,0.0016021880884981,0.001589141534469575,0.0016106148099118151,27.95666171604086,0.01824009006858887,27.9528650155722,27.930083148952228,27.988374213037048,0.032300676386416094,0.00015607964952326226,0.03230747117781225,0.03203489917417067,0.03252129658867598,0.002889685804079032,1.4194001203599476e-05,0.00289029837343495,0.002867775022039655,0.00291009763858498,,,,,,,,,,,6.037109375000001e-06,9.369305766232295e-07,6.0546875e-06,4.4921875e-06,7.431640625e-06
0.04,64,single,NA,0.0016005653226399707,6.083407532980947e-06,0.0016011299110828,0.001591098703587815,0.00160906450140612,27.95729701191038,0.016502742108743022,27.955734294378367,27.93426546305245,27.983028781370578,0.032295622019352106,0.00014713939419293048,0.032313192198968096,0.03204287315318556,0.03248916629981736,0.0028889254051572342,1.2285090078649338e-05,0.00288942901597025,0.0028707220401173452,0.002907002642461595,,,,,,,,,,,5.9677734375e-06,8.25600436002607e-07,5.95703125e-06,4.78515625e-06,7.421875e-06
0.04,128,single,NA,0.0015993284093505811,5.818735027451604e-06,0.0015993602651178502,0.0015894815955288851,0.0016074389100492101,27.96065193724329,0.015800510684550153,27.96053698285199,27.9386553557601,27.987444976366938,0.03224649133784755,0.0001428670727044892,0.0322532623089402,0.03202856962576179,0.03248311723276559,0.0028854196015662076,1.274491139950798e-05,0.00288678408797015,0.0028665618974328603,0.00290382468628671,,,,,,,,,,,6.0288085937499985e-06,5.849278031616321e-07,5.9814453125e-06,5.078125e-06,7.0361328125e-06
