condition,window,landmark_delta,actual_delta,K,N_eff,R_Z,adjacent_overlap_mean,total_mse,sampling_mse
H_LF,3,0.1,0.1,81,24.719764786919846,0.694817718680002,0.7035029401635019,8.636540495406967e-05,6.0679764988402464e-05
H_LF,3,0.25,0.25,33,20.52866689534804,0.3779191849894534,0.3897291595203738,0.0001103839342359,9.123336740915646e-05
H_LF,3,0.5,0.5,17,12.2569951741606,0.2790002838729059,0.2964378016149624,0.0001799947128069,0.0001573084178849
H_LF,3,1.0,1.0,9,7.865599802581713,0.1260444663798097,0.1418000246772859,0.0002746073854447,0.0002610965816675
H_LF,3,2.0,2.0,5,4.279438487926841,0.1441123024146318,0.1801403780182897,0.0005029380398145,0.0005057032621694
H_LF,7,0.1,0.1,81,14.894396015738526,0.8161185677069318,0.8263200498032685,0.0001115400989749,6.0679764988402464e-05
H_LF,7,0.25,0.25,33,15.589268138423945,0.5275979351992744,0.5440853706742517,0.0001243855720307,9.123336740915646e-05
H_LF,7,0.5,0.5,17,11.419580365714223,0.3282599784873985,0.3487762271428609,0.0001801555072658,0.0001573084178849
H_LF,7,1.0,1.0,9,7.667077846684184,0.1481024614795351,0.166615269164477,0.0002675830563881,0.0002610965816675
H_LF,7,2.0,2.0,5,4.174995872319288,0.1650008255361423,0.206251031920178,0.0004998710639527,0.0005057032621694
H_LF,15,0.1,0.1,81,10.647576919465372,0.8685484330930201,0.879405288506683,0.000145640050634,6.0679764988402464e-05
H_LF,15,0.25,0.25,33,11.14179430682026,0.6623698694902952,0.6830689279118669,0.0001600941935251,9.123336740915646e-05
H_LF,15,0.5,0.5,17,9.209527415732229,0.4582630931922218,0.4869045365167357,0.0002081441455116,0.0001573084178849
H_LF,15,1.0,1.0,9,7.116350177053874,0.2092944247717917,0.2354562278682656,0.000285013590724,0.0002610965816675
H_LF,15,2.0,2.0,5,4.085153323523849,0.1829693352952303,0.2287116691190378,0.0004996168775996,0.0005057032621694
H_COARSE,3,0.1,0.1,81,24.61006899685464,0.6961719876931527,0.704874137539317,8.630459816655312e-05,6.129598954420846e-05
H_COARSE,3,0.25,0.25,33,20.86901178310056,0.3676057035424073,0.3790933817781076,0.0001066395374153,9.285272275785092e-05
H_COARSE,3,0.5,0.5,17,12.471639964076704,0.266374119760194,0.2830225022452061,0.0001793989008914,0.0001640932859089
H_COARSE,3,1.0,1.0,9,8.036665267577504,0.1070371924913884,0.120416841552812,0.0002845966917141,0.0002754780864001
H_COARSE,3,2.0,2.0,5,4.580994673343586,0.0838010653312828,0.1047513316641036,0.0006151359279169,0.0006263690244325
H_COARSE,7,0.1,0.1,81,14.970901493533376,0.8151740556353904,0.8253637313308329,0.0001125019932247,6.129598954420846e-05
H_COARSE,7,0.25,0.25,33,15.963675151441414,0.516252268138139,0.5323851515174558,0.000121568005221,9.285272275785092e-05
H_COARSE,7,0.5,0.5,17,11.65769374772886,0.3142533089571259,0.3338941407669462,0.0001769788857379,0.0001640932859089
H_COARSE,7,1.0,1.0,9,7.799896977418815,0.1333447802867984,0.1500128778226482,0.0002743596184864,0.0002754780864001
H_COARSE,7,2.0,2.0,5,4.455605799929479,0.108878840014104,0.1360985500176302,0.0006142401741705,0.0006263690244325
H_COARSE,15,0.1,0.1,81,10.531688140077565,0.8699791587644745,0.8808538982490305,0.0001493497416636,6.129598954420846e-05
H_COARSE,15,0.25,0.25,33,11.298765255017994,0.6576131740903639,0.6781635857806877,0.0001597938083557,9.285272275785092e-05
H_COARSE,15,0.5,0.5,17,9.347822048472718,0.4501281147957224,0.478261121970455,0.0002077464184953,0.0001640932859089
H_COARSE,15,1.0,1.0,9,7.094533324164761,0.2117185195372487,0.2381833344794048,0.0002922713327246,0.0002754780864001
H_COARSE,15,2.0,2.0,5,4.264426678002619,0.1471146643994763,0.1838933304993452,0.000615554229832,0.0006263690244325
H_MIXED,3,0.1,0.1,81,24.755806215123904,0.6943727627762482,0.7030524223109512,8.566325347567813e-05,6.213981777753008e-05
H_MIXED,3,0.25,0.25,33,21.003746790903197,0.363522824518085,0.3748829127842752,0.0001051356684298,9.542101692422518e-05
H_MIXED,3,0.5,0.5,17,12.791918632798236,0.247534198070692,0.2630050854501102,0.0001926323021111,0.0001813207723635
H_MIXED,3,1.0,1.0,9,8.15882815782624,0.0934635380193066,0.1051464802717199,0.0003119287646313,0.0003049226327961
H_MIXED,3,2.0,2.0,5,4.841471156806688,0.0317057686386623,0.0396322107983279,0.0007915927199816,0.0008055886330463
H_MIXED,7,0.1,0.1,81,15.084847367799757,0.8137673164469166,0.8239394079025029,0.0001125899356309,6.213981777753008e-05
H_MIXED,7,0.25,0.25,33,16.122359643161595,0.5114436471769214,0.5274262611512002,0.0001207996531734,9.542101692422518e-05
H_MIXED,7,0.5,0.5,17,11.979879835274314,0.2953011861603345,0.3137575102953554,0.0001880188611749,0.0001813207723635
H_MIXED,7,1.0,1.0,9,7.950895249340656,0.1165671945177049,0.131138093832418,0.0002975807732767,0.0003049226327961
H_MIXED,7,2.0,2.0,5,4.779939813119358,0.0440120373761283,0.0550150467201604,0.0007909930283949,0.0008055886330463
H_MIXED,15,0.1,0.1,81,10.607134478457567,0.8690477224881782,0.8799108190192804,0.0001498866760358,6.213981777753008e-05
H_MIXED,15,0.25,0.25,33,11.508095734929292,0.6512698262142639,0.6716220082834596,0.000159866017694,9.542101692422518e-05
H_MIXED,15,0.5,0.5,17,9.690778098448428,0.4299542295030336,0.4568263688469732,0.0002204656687209,0.0001813207723635
H_MIXED,15,1.0,1.0,9,7.327362608990973,0.185848599001003,0.2090796738761283,0.0003171029839443,0.0003049226327961
H_MIXED,15,2.0,2.0,5,4.663162947285015,0.0673674105429971,0.0842092631787463,0.0007924548639914,0.0008055886330463
H_FINE,3,0.1,0.1,81,24.33659822543507,0.6995481700563572,0.7082925221820616,8.307006197552605e-05,6.296386743898583e-05
H_FINE,3,0.25,0.25,33,20.87553607154622,0.3674079978319327,0.3788894977641807,0.0001060990352637,0.000100842813061
H_FINE,3,0.5,0.5,17,12.835369899765038,0.2449782411902918,0.260289381264685,0.0002289950259163,0.0002268133987975
H_FINE,3,1.0,1.0,9,8.044496565674685,0.1061670482583684,0.1194379292906644,0.0003644029841246,0.0003717947438427
H_FINE,3,2.0,2.0,5,4.897311178344758,0.0205377643310484,0.0256722054138104,0.0010231152443007,0.0010362264793146
H_FINE,7,0.1,0.1,81,14.794751761870554,0.8173487436806104,0.8275656029766181,0.0001121711047185,6.296386743898583e-05
H_FINE,7,0.25,0.25,33,16.091156202759784,0.5123892059769762,0.5284013686637568,0.0001229231850351,0.000100842813061
H_FINE,7,0.5,0.5,17,12.002270468595231,0.2939840900826335,0.312358095712798,0.0002290160421235,0.0002268133987975
H_FINE,7,1.0,1.0,9,7.879539720266289,0.124495586637079,0.1400575349667139,0.0003597182729849,0.0003717947438427
H_FINE,7,2.0,2.0,5,4.84894475265331,0.030211049469338,0.0377638118366726,0.0010226554018778,0.0010362264793146
H_FINE,15,0.1,0.1,81,10.520920069526642,0.8701120979070784,0.8809884991309168,0.000148052827791,6.296386743898583e-05
H_FINE,15,0.25,0.25,33,11.658164757353676,0.6467222800801916,0.6669323513326975,0.0001615874507652,0.000100842813061
H_FINE,15,0.5,0.5,17,9.78183863385506,0.4245977274202905,0.4511350853840588,0.0002623614505364,0.0002268133987975
H_FINE,15,1.0,1.0,9,7.347878055429733,0.1835691049522518,0.2065152430712833,0.0003790248501621,0.0003717947438427
H_FINE,15,2.0,2.0,5,4.75654853047304,0.0486902939053919,0.0608628673817398,0.0010243399514151,0.0010362264793146
P_LF,3,0.1,0.1,81,25.08766405533001,0.6902757524033332,0.6989041993083749,0.0001280820503137,8.996064011427299e-05
P_LF,3,0.25,0.25,33,20.496606982778083,0.3788906974915732,0.3907310317881849,0.0001545503030916,0.0001240579270488
P_LF,3,0.5,0.5,17,11.75964520806962,0.3082561642311988,0.3275221744956488,0.0002523086306676,0.000203610309657
P_LF,3,1.0,1.0,9,7.46164272817286,0.170928585758571,0.1922946589783926,0.0003705886363885,0.000326234179707
P_LF,3,2.0,2.0,5,4.038729257728739,0.1922541484542522,0.2403176855678153,0.0011458853213635,0.0011549252542817
P_LF,7,0.1,0.1,81,15.488525906910336,0.8087836307788847,0.8188934261636209,0.0001548880546699,8.996064011427299e-05
P_LF,7,0.25,0.25,33,15.872127200920657,0.5190264484569498,0.5352460249712294,0.0001671191143118,0.0001240579270488
P_LF,7,0.5,0.5,17,11.077379575431422,0.3483894367393281,0.3701637765355361,0.0002440655101183,0.000203610309657
P_LF,7,1.0,1.0,9,7.341217062429771,0.1843092152855809,0.2073478671962786,0.0003481828636529,0.000326234179707
P_LF,7,2.0,2.0,5,4.033459023664928,0.1933081952670143,0.2416352440837678,0.0011456212334809,0.0011549252542817
P_LF,15,0.1,0.1,81,10.99908144265303,0.8642088710783576,0.8750114819668372,0.0001966438996703,8.996064011427299e-05
P_LF,15,0.25,0.25,33,11.582714493294564,0.6490086517183465,0.669290172084545,0.0002079038705159,0.0001240579270488
P_LF,15,0.5,0.5,17,9.038597505487235,0.4683177937948684,0.4975876559070477,0.0002658774844533,0.000203610309657
P_LF,15,1.0,1.0,9,6.853046093591329,0.2385504340454078,0.2683692383010839,0.0003540009796401,0.000326234179707
P_LF,15,2.0,2.0,5,4.022222441267569,0.1955555117464861,0.2444443896831077,0.0011489269988299,0.0011549252542817
P_COARSE,3,0.1,0.1,81,25.001224903983417,0.6913429024199578,0.6999846887002072,0.0001218652121282,9.11228652488548e-05
P_COARSE,3,0.25,0.25,33,20.69890908104241,0.3727603308775027,0.3844090912174246,0.0001513884401641,0.0001337586270419
P_COARSE,3,0.5,0.5,17,12.580011355228972,0.2599993320453545,0.2762492902981893,0.0002846280049663,0.0002702408413023
P_COARSE,3,1.0,1.0,9,8.069382054680496,0.1034019939243893,0.1163272431649381,0.0004553535787444,0.0004574075732315
P_COARSE,3,2.0,2.0,5,4.728944262087307,0.0542111475825386,0.0677639344781735,0.0020905689509377,0.0021162652126185
P_COARSE,7,0.1,0.1,81,15.286617869503845,0.811276322598718,0.821417276631202,0.0001500729636632,9.11228652488548e-05
P_COARSE,7,0.25,0.25,33,15.937610581615392,0.5170421035874123,0.5331996693245189,0.000165308587295,0.0001337586270419
P_COARSE,7,0.5,0.5,17,11.809534074411175,0.3053215250346366,0.3244041203493014,0.0002799962266761,0.0002702408413023
P_COARSE,7,1.0,1.0,9,7.849596990925377,0.127822556563847,0.1438003761343277,0.0004502761153109,0.0004574075732315
P_COARSE,7,2.0,2.0,5,4.6384049022459255,0.0723190195508148,0.0903987744385186,0.0020938406681407,0.0021162652126185
P_COARSE,15,0.1,0.1,81,10.60975034848946,0.8690154277964264,0.8798781206438816,0.0001936568450909,9.11228652488548e-05
P_COARSE,15,0.25,0.25,33,11.44238476904115,0.6532610676048136,0.6736754759674641,0.0002096586135787,0.0001337586270419
P_COARSE,15,0.5,0.5,17,9.500063154631356,0.4411727556099202,0.4687460528355401,0.0003154171453297,0.0002702408413023
P_COARSE,15,1.0,1.0,9,7.198253149563463,0.2001940944929485,0.225218356304567,0.0004723924950991,0.0004574075732315
P_COARSE,15,2.0,2.0,5,4.459426647513325,0.1081146704973349,0.1351433381216688,0.0021053550376546,0.0021162652126185
P_MIXED,3,0.1,0.1,81,24.646292606683225,0.6957247826335404,0.7044213424164598,0.000120680372144,9.495459152599134e-05
P_MIXED,3,0.25,0.25,33,20.70396209049137,0.3726072093790495,0.3842511846721448,0.0001670644813186,0.0001537631245969
P_MIXED,3,0.5,0.5,17,13.088239155897384,0.2301035790648598,0.2444850527564134,0.0004109886965784,0.0004080758578382
P_MIXED,3,1.0,1.0,9,8.198678559481303,0.0890357156131885,0.1001651800648371,0.0006571752939158,0.0006637110151908
P_MIXED,3,2.0,2.0,5,4.936249157998333,0.0127501684003334,0.0159377105004169,0.0025992041027053,0.0026284849583302
P_MIXED,7,0.1,0.1,81,15.419168453613796,0.8096398956343975,0.8197603943298276,0.0001525040019626,9.495459152599134e-05
P_MIXED,7,0.25,0.25,33,16.11934608018116,0.5115349672672376,0.5275204349943388,0.0001805044473231,0.0001537631245969
P_MIXED,7,0.5,0.5,17,12.408526287936173,0.270086688944931,0.2869671070039892,0.0004134885915434,0.0004080758578382
P_MIXED,7,1.0,1.0,9,7.999176339609521,0.1112026289322754,0.1251029575488098,0.0006543231777081,0.0006637110151908
P_MIXED,7,2.0,2.0,5,4.9112013222874165,0.0177597355425167,0.0221996694281459,0.0026090489848997,0.0026284849583302
P_MIXED,15,0.1,0.1,81,11.15801715401058,0.8622467018023385,0.8730247855748677,0.000193929290856,9.495459152599134e-05
P_MIXED,15,0.25,0.25,33,11.953975088450504,0.637758330653015,0.6576882784859217,0.000224208547875,0.0001537631245969
P_MIXED,15,0.5,0.5,17,10.289454471855468,0.394737972243796,0.4194090955090332,0.0004498377373186,0.0004080758578382
P_MIXED,15,1.0,1.0,9,7.543202839466074,0.1618663511704361,0.1820996450667407,0.0006750004602612,0.0006637110151908
P_MIXED,15,2.0,2.0,5,4.858170128897688,0.0283659742204622,0.0354574677755778,0.0026175262723311,0.0026284849583302
P_FINE,3,0.1,0.1,81,23.946373620677264,0.7043657577694165,0.7131703297415342,0.0001256605116278,0.0001038442786904
P_FINE,3,0.25,0.25,33,21.11709368405002,0.3600880701803024,0.371340822373437,0.0002067034972512,0.0002038421073456
P_FINE,3,0.5,0.5,17,12.994187293551256,0.2356360415558084,0.2503632941530465,0.000769162937314,0.0007719130005423
P_FINE,3,1.0,1.0,9,8.02703610205321,0.1081070997718656,0.1216204872433487,0.001079350053659,0.0010891157928915
P_FINE,3,2.0,2.0,5,4.899350077967295,0.020129984406541,0.0251624805081762,0.002936337517565,0.0029477928782066
P_FINE,7,0.1,0.1,81,15.218839056289683,0.8121130980704977,0.8222645117963789,0.0001560455813506,0.0001038442786904
P_FINE,7,0.25,0.25,33,16.64451257364169,0.4956208311017669,0.5111089820736971,0.0002256426138697,0.0002038421073456
P_FINE,7,0.5,0.5,17,12.464226684520732,0.2668101950281921,0.2834858322174541,0.0007754812924171,0.0007719130005423
P_FINE,7,1.0,1.0,9,7.874769639444763,0.1250255956172485,0.1406537950694046,0.0010767621096963,0.0010891157928915
P_FINE,7,2.0,2.0,5,4.8543758149933485,0.0291248370013302,0.036406046251663,0.0029352827787693,0.0029477928782066
P_FINE,15,0.1,0.1,81,11.28147729472873,0.8607225025342132,0.871481533815891,0.0001935798547872,0.0001038442786904
P_FINE,15,0.25,0.25,33,12.830952675359804,0.6111832522618241,0.6302827288950061,0.0002672520515109,0.0002038421073456
P_FINE,15,0.5,0.5,17,10.751451063010723,0.3675617021758398,0.3905343085618298,0.00081144042554,0.0007719130005423
P_FINE,15,1.0,1.0,9,7.528334375196526,0.1635184027559415,0.1839582031004341,0.001098632127372,0.0010891157928915
P_FINE,15,2.0,2.0,5,4.7800188142015845,0.0439962371596831,0.0549952964496039,0.0029366990272218,0.0029477928782066
