condition,window,delta_from,delta_to,metric,value_from,value_to,abs_change,rel_change,better_direction
H_LF,3,1.0,0.5,total_mse,0.0002746073854447,0.0001799947128069,-9.461267263779997e-05,-0.3445379754975779,lower
H_LF,3,1.0,0.5,sampling_mse,0.0002610965816675,0.0001573084178849,-0.00010378816378260003,-0.397508703943017,lower
H_LF,3,1.0,0.5,focus_index_agreement,0.8848953510802469,0.8279711612654321,-0.05692418981481473,-0.0643287251371858,higher
H_LF,3,1.0,0.5,axial_error_kF_mean,0.3823188933884656,0.3575607794129664,-0.024758113975499207,-0.06475775695014645,lower
H_LF,3,0.5,0.25,total_mse,0.0001799947128069,0.0001103839342359,-6.961077857100001e-05,-0.38673790738330793,lower
H_LF,3,0.5,0.25,sampling_mse,0.0001573084178849,9.123336740915646e-05,-6.607505047574353e-05,-0.4200350582896942,lower
H_LF,3,0.5,0.25,focus_index_agreement,0.8279711612654321,0.9162355324074074,0.08826437114197527,0.10660319497973356,higher
H_LF,3,0.5,0.25,axial_error_kF_mean,0.3575607794129664,0.1582912609017489,-0.1992695185112175,-0.5573025062714451,lower
H_LF,3,0.25,0.12,total_mse,0.0001103839342359,8.553683558706157e-05,-2.4847098648838435e-05,-0.2250970562050999,lower
H_LF,3,0.25,0.12,sampling_mse,9.123336740915646e-05,6.360083970468625e-05,-2.7632527704470205e-05,-0.3028774283924647,lower
H_LF,3,0.25,0.12,focus_index_agreement,0.9162355324074074,0.9308439429012346,0.014608410493827217,0.015943946700521034,higher
H_LF,3,0.25,0.12,axial_error_kF_mean,0.1582912609017489,0.0797436686136594,-0.07854759228808948,-0.4962219129509862,lower
H_LF,3,2.0,1.0,total_mse,0.0005029380398145,0.0002746073854447,-0.0002283306543698,-0.4539936061587543,lower
H_LF,3,2.0,1.0,sampling_mse,0.0005057032621694,0.0002610965816675,-0.0002446066805019,-0.48369607000866427,lower
H_LF,3,2.0,1.0,focus_index_agreement,0.7661612654320987,0.8848953510802469,0.11873408564814814,0.15497270745106728,higher
H_LF,3,2.0,1.0,axial_error_kF_mean,0.892986323704872,0.3823188933884656,-0.5106674303164064,-0.5718647830996119,lower
H_LF,7,1.0,0.5,total_mse,0.0002675830563881,0.0001801555072658,-8.742754912229999e-05,-0.32673051239647954,lower
H_LF,7,1.0,0.5,sampling_mse,0.0002610965816675,0.0001573084178849,-0.00010378816378260003,-0.397508703943017,lower
H_LF,7,1.0,0.5,focus_index_agreement,0.9351890432098764,0.9178404706790124,-0.01734857253086397,-0.01855087231488295,higher
H_LF,7,1.0,0.5,axial_error_kF_mean,0.3501258080574546,0.321566452149042,-0.028559355908412576,-0.08156883968897852,lower
H_LF,7,0.5,0.25,total_mse,0.0001801555072658,0.0001243855720307,-5.5769935235099976e-05,-0.30956553081009874,lower
H_LF,7,0.5,0.25,sampling_mse,0.0001573084178849,9.123336740915646e-05,-6.607505047574353e-05,-0.4200350582896942,lower
H_LF,7,0.5,0.25,focus_index_agreement,0.9178404706790124,0.94729793595679,0.029457465277777595,0.03209431945835332,higher
H_LF,7,0.5,0.25,axial_error_kF_mean,0.321566452149042,0.1525449694260696,-0.1690214827229724,-0.5256191421505408,lower
H_LF,7,0.25,0.12,total_mse,0.0001243855720307,0.0001100961471198,-1.4289424910900016e-05,-0.11488008357893145,lower
H_LF,7,0.25,0.12,sampling_mse,9.123336740915646e-05,6.360083970468625e-05,-2.7632527704470205e-05,-0.3028774283924647,lower
H_LF,7,0.25,0.12,focus_index_agreement,0.94729793595679,0.9658405671296296,0.018542631172839608,0.01957423369038715,higher
H_LF,7,0.25,0.12,axial_error_kF_mean,0.1525449694260696,0.0792947849378548,-0.0732501844882148,-0.48018748021523744,lower
H_LF,7,2.0,1.0,total_mse,0.0004998710639527,0.0002675830563881,-0.00023228800756459997,-0.4646958472206747,lower
H_LF,7,2.0,1.0,sampling_mse,0.0005057032621694,0.0002610965816675,-0.0002446066805019,-0.48369607000866427,lower
H_LF,7,2.0,1.0,focus_index_agreement,0.8056211419753087,0.9351890432098764,0.12956790123456774,0.16082981749570177,higher
H_LF,7,2.0,1.0,axial_error_kF_mean,0.8703948715593669,0.3501258080574546,-0.5202690635019123,-0.5977391187632087,lower
H_LF,15,1.0,0.5,total_mse,0.000285013590724,0.0002081441455116,-7.686944521240001e-05,-0.2697044902916172,lower
H_LF,15,1.0,0.5,sampling_mse,0.0002610965816675,0.0001573084178849,-0.00010378816378260003,-0.397508703943017,lower
H_LF,15,1.0,0.5,focus_index_agreement,0.948531539351852,0.9363387345679012,-0.012192804783950795,-0.012854401016841622,higher
H_LF,15,1.0,0.5,axial_error_kF_mean,0.3572102910361682,0.3274782097056108,-0.02973208133055738,-0.08323411188494273,lower
H_LF,15,0.5,0.25,total_mse,0.0002081441455116,0.0001600941935251,-4.804995198650001e-05,-0.2308494042356918,lower
H_LF,15,0.5,0.25,sampling_mse,0.0001573084178849,9.123336740915646e-05,-6.607505047574353e-05,-0.4200350582896942,lower
H_LF,15,0.5,0.25,focus_index_agreement,0.9363387345679012,0.939375,0.0030362654320987836,0.003242699805108405,higher
H_LF,15,0.5,0.25,axial_error_kF_mean,0.3274782097056108,0.1850522849084881,-0.1424259247971227,-0.4349172573196783,lower
H_LF,15,0.25,0.12,total_mse,0.0001600941935251,0.0001477093844463,-1.2384809078799992e-05,-0.07735951445895674,lower
H_LF,15,0.25,0.12,sampling_mse,9.123336740915646e-05,6.360083970468625e-05,-2.7632527704470205e-05,-0.3028774283924647,lower
H_LF,15,0.25,0.12,focus_index_agreement,0.939375,0.9462495177469136,0.006874517746913611,0.007318182564911363,higher
H_LF,15,0.25,0.12,axial_error_kF_mean,0.1850522849084881,0.1110175710152561,-0.074034713893232,-0.40007457313938916,lower
H_LF,15,2.0,1.0,total_mse,0.0004996168775996,0.000285013590724,-0.0002146032868756,-0.4295357032505737,lower
H_LF,15,2.0,1.0,sampling_mse,0.0005057032621694,0.0002610965816675,-0.0002446066805019,-0.48369607000866427,lower
H_LF,15,2.0,1.0,focus_index_agreement,0.8725062692901234,0.948531539351852,0.07602527006172854,0.08713435391539728,higher
H_LF,15,2.0,1.0,axial_error_kF_mean,0.8464953108695096,0.3572102910361682,-0.4892850198333414,-0.5780126759718891,lower
H_COARSE,3,1.0,0.5,total_mse,0.0002845966917141,0.0001793989008914,-0.00010519779082269998,-0.36963813665261974,lower
H_COARSE,3,1.0,0.5,sampling_mse,0.0002754780864001,0.0001640932859089,-0.00011138480049120004,-0.40433270735526494,lower
H_COARSE,3,1.0,0.5,focus_index_agreement,0.9090041473765432,0.8948046875,-0.014199459876543252,-0.015620896689551966,higher
H_COARSE,3,1.0,0.5,axial_error_kF_mean,0.3231065783766396,0.2830340578561,-0.04007252052053961,-0.12402260802572639,lower
H_COARSE,3,0.5,0.25,total_mse,0.0001793989008914,0.0001066395374153,-7.275936347609999e-05,-0.4055730727143375,lower
H_COARSE,3,0.5,0.25,sampling_mse,0.0001640932859089,9.285272275785092e-05,-7.124056315104907e-05,-0.43414672792036013,lower
H_COARSE,3,0.5,0.25,focus_index_agreement,0.8948046875,0.917397762345679,0.022593074845679073,0.025249169077111114,higher
H_COARSE,3,0.5,0.25,axial_error_kF_mean,0.2830340578561,0.134177209876569,-0.14885684797953097,-0.5259326354823796,lower
H_COARSE,3,0.25,0.12,total_mse,0.0001066395374153,8.527019052943315e-05,-2.136934688586685e-05,-0.20038859323484748,lower
H_COARSE,3,0.25,0.12,sampling_mse,9.285272275785092e-05,6.428491362778334e-05,-2.856780913006758e-05,-0.3076679744176064,lower
H_COARSE,3,0.25,0.12,focus_index_agreement,0.917397762345679,0.9575139853395062,0.04011622299382711,0.04372827647982769,higher
H_COARSE,3,0.25,0.12,axial_error_kF_mean,0.134177209876569,0.0707128067588672,-0.06346440311770181,-0.4729894381920996,lower
H_COARSE,3,2.0,1.0,total_mse,0.0006151359279169,0.0002845966917141,-0.0003305392362028001,-0.5373434085083277,lower
H_COARSE,3,2.0,1.0,sampling_mse,0.0006263690244325,0.0002754780864001,-0.00035089093803239993,-0.5601984203326666,lower
H_COARSE,3,2.0,1.0,focus_index_agreement,0.9335546875,0.9090041473765432,-0.02455054012345681,-0.02629791318299905,higher
H_COARSE,3,2.0,1.0,axial_error_kF_mean,0.7987841103500563,0.3231065783766396,-0.47567753197341667,-0.5955019958583772,lower
H_COARSE,7,1.0,0.5,total_mse,0.0002743596184864,0.0001769788857379,-9.738073274850003e-05,-0.3549382860558511,lower
H_COARSE,7,1.0,0.5,sampling_mse,0.0002754780864001,0.0001640932859089,-0.00011138480049120004,-0.40433270735526494,lower
H_COARSE,7,1.0,0.5,focus_index_agreement,0.9463392168209876,0.949170524691358,0.0028313078703703365,0.0029918530480872113,higher
H_COARSE,7,1.0,0.5,axial_error_kF_mean,0.3090766745299882,0.2641280373355457,-0.04494863719444253,-0.14542875894078958,lower
H_COARSE,7,0.5,0.25,total_mse,0.0001769788857379,0.000121568005221,-5.541088051689999e-05,-0.3130931708936269,lower
H_COARSE,7,0.5,0.25,sampling_mse,0.0001640932859089,9.285272275785092e-05,-7.124056315104907e-05,-0.43414672792036013,lower
H_COARSE,7,0.5,0.25,focus_index_agreement,0.949170524691358,0.9446040702160494,-0.004566454475308568,-0.0048109948175997595,higher
H_COARSE,7,0.5,0.25,axial_error_kF_mean,0.2641280373355457,0.1365951015791798,-0.12753293575636587,-0.48284512709398314,lower
H_COARSE,7,0.25,0.12,total_mse,0.000121568005221,0.0001109445984262,-1.062340679479999e-05,-0.08738653542506983,lower
H_COARSE,7,0.25,0.12,sampling_mse,9.285272275785092e-05,6.428491362778334e-05,-2.856780913006758e-05,-0.3076679744176064,lower
H_COARSE,7,0.25,0.12,focus_index_agreement,0.9446040702160494,0.9684654706790125,0.023861400462963034,0.025260742797249925,higher
H_COARSE,7,0.25,0.12,axial_error_kF_mean,0.1365951015791798,0.0767592815352521,-0.05983582004392771,-0.43805245833975087,lower
H_COARSE,7,2.0,1.0,total_mse,0.0006142401741705,0.0002743596184864,-0.0003398805556841,-0.5533349493837509,lower
H_COARSE,7,2.0,1.0,sampling_mse,0.0006263690244325,0.0002754780864001,-0.00035089093803239993,-0.5601984203326666,lower
H_COARSE,7,2.0,1.0,focus_index_agreement,0.9559775270061728,0.9463392168209876,-0.009638310185185128,-0.010082151423966365,higher
H_COARSE,7,2.0,1.0,axial_error_kF_mean,0.7839246213906662,0.3090766745299882,-0.474847946860678,-0.6057316403945924,lower
H_COARSE,15,1.0,0.5,total_mse,0.0002922713327246,0.0002077464184953,-8.452491422930003e-05,-0.2892001533005146,lower
H_COARSE,15,1.0,0.5,sampling_mse,0.0002754780864001,0.0001640932859089,-0.00011138480049120004,-0.40433270735526494,lower
H_COARSE,15,1.0,0.5,focus_index_agreement,0.958812210648148,0.9554890046296296,-0.003323206018518432,-0.003465961302549512,higher
H_COARSE,15,1.0,0.5,axial_error_kF_mean,0.3232819311559987,0.2789040873394433,-0.04437784381655541,-0.13727288641795762,lower
H_COARSE,15,0.5,0.25,total_mse,0.0002077464184953,0.0001597938083557,-4.795261013959998e-05,-0.230822800638004,lower
H_COARSE,15,0.5,0.25,sampling_mse,0.0001640932859089,9.285272275785092e-05,-7.124056315104907e-05,-0.43414672792036013,lower
H_COARSE,15,0.5,0.25,focus_index_agreement,0.9554890046296296,0.9379084683641976,-0.01758053626543199,-0.0183995170852297,higher
H_COARSE,15,0.5,0.25,axial_error_kF_mean,0.2789040873394433,0.1746080709859835,-0.10429601635345978,-0.37394940084375733,lower
H_COARSE,15,0.25,0.12,total_mse,0.0001597938083557,0.0001505633120466,-9.23049630910001e-06,-0.057765043615163006,lower
H_COARSE,15,0.25,0.12,sampling_mse,9.285272275785092e-05,6.428491362778334e-05,-2.856780913006758e-05,-0.3076679744176064,lower
H_COARSE,15,0.25,0.12,focus_index_agreement,0.9379084683641976,0.9483005401234568,0.010392071759259158,0.011080048970433042,higher
H_COARSE,15,0.25,0.12,axial_error_kF_mean,0.1746080709859835,0.11212921365507,-0.06247885733091349,-0.3578234212090283,lower
H_COARSE,15,2.0,1.0,total_mse,0.000615554229832,0.0002922713327246,-0.0003232828971074,-0.525189953118561,lower
H_COARSE,15,2.0,1.0,sampling_mse,0.0006263690244325,0.0002754780864001,-0.00035089093803239993,-0.5601984203326666,lower
H_COARSE,15,2.0,1.0,focus_index_agreement,0.9650120563271604,0.958812210648148,-0.006199845679012328,-0.006424630281417379,higher
H_COARSE,15,2.0,1.0,axial_error_kF_mean,0.7844560357880506,0.3232819311559987,-0.4611741046320519,-0.587890313277741,lower
H_MIXED,3,1.0,0.5,total_mse,0.0003119287646313,0.0001926323021111,-0.0001192964625202,-0.38244777669417085,lower
H_MIXED,3,1.0,0.5,sampling_mse,0.0003049226327961,0.0001813207723635,-0.00012360186043259996,-0.40535482492456315,lower
H_MIXED,3,1.0,0.5,focus_index_agreement,0.936043113425926,0.9140099344135802,-0.022033179012345805,-0.023538636945582746,higher
H_MIXED,3,1.0,0.5,axial_error_kF_mean,0.2913622685975576,0.243592344256866,-0.047769924340691605,-0.16395370811267787,lower
H_MIXED,3,0.5,0.25,total_mse,0.0001926323021111,0.0001051356684298,-8.749663368130001e-05,-0.45421579206812696,lower
H_MIXED,3,0.5,0.25,sampling_mse,0.0001813207723635,9.542101692422518e-05,-8.589975543927483e-05,-0.4737447029349104,lower
H_MIXED,3,0.5,0.25,focus_index_agreement,0.9140099344135802,0.9387630208333332,0.024753086419752934,0.027081857086853515,higher
H_MIXED,3,0.5,0.25,axial_error_kF_mean,0.243592344256866,0.1121742376850909,-0.1314181065717751,-0.5395001512576104,lower
H_MIXED,3,0.25,0.12,total_mse,0.0001051356684298,8.463999728435236e-05,-2.0495671145447634e-05,-0.1949449834822972,lower
H_MIXED,3,0.25,0.12,sampling_mse,9.542101692422518e-05,6.528746441674096e-05,-3.0133552507484226e-05,-0.31579575945426774,lower
H_MIXED,3,0.25,0.12,focus_index_agreement,0.9387630208333332,0.97203125,0.03326822916666683,0.03543836775455307,higher
H_MIXED,3,0.25,0.12,axial_error_kF_mean,0.1121742376850909,0.0617972212991556,-0.050377016385935294,-0.44909613317239344,lower
H_MIXED,3,2.0,1.0,total_mse,0.0007915927199816,0.0003119287646313,-0.0004796639553503,-0.605947911397479,lower
H_MIXED,3,2.0,1.0,sampling_mse,0.0008055886330463,0.0003049226327961,-0.0005006660002502001,-0.6214908946231681,lower
H_MIXED,3,2.0,1.0,focus_index_agreement,0.9412630208333334,0.936043113425926,-0.005219907407407298,-0.005545641645186412,higher
H_MIXED,3,2.0,1.0,axial_error_kF_mean,0.7885695474983504,0.2913622685975576,-0.4972072789007928,-0.6305179809163667,lower
H_MIXED,7,1.0,0.5,total_mse,0.0002975807732767,0.0001880188611749,-0.00010956191210179998,-0.36817537267411377,lower
H_MIXED,7,1.0,0.5,sampling_mse,0.0003049226327961,0.0001813207723635,-0.00012360186043259996,-0.40535482492456315,lower
H_MIXED,7,1.0,0.5,focus_index_agreement,0.9628944830246914,0.9668253279320989,0.003930844907407471,0.004082321559325699,higher
H_MIXED,7,1.0,0.5,axial_error_kF_mean,0.2838112881609552,0.231668356410859,-0.05214293175009618,-0.18372395294060628,lower
H_MIXED,7,0.5,0.25,total_mse,0.0001880188611749,0.0001207996531734,-6.72192080015e-05,-0.3575131110860785,lower
H_MIXED,7,0.5,0.25,sampling_mse,0.0001813207723635,9.542101692422518e-05,-8.589975543927483e-05,-0.4737447029349104,lower
H_MIXED,7,0.5,0.25,focus_index_agreement,0.9668253279320989,0.9544463734567902,-0.012378954475308679,-0.012803713470959117,higher
H_MIXED,7,0.5,0.25,axial_error_kF_mean,0.231668356410859,0.1206782385372235,-0.11099011787363551,-0.4790905395676777,lower
H_MIXED,7,0.25,0.12,total_mse,0.0001207996531734,0.000111586022838,-9.2136303354e-06,-0.07627199328274921,lower
H_MIXED,7,0.25,0.12,sampling_mse,9.542101692422518e-05,6.528746441674096e-05,-3.0133552507484226e-05,-0.31579575945426774,lower
H_MIXED,7,0.25,0.12,focus_index_agreement,0.9544463734567902,0.96969425154321,0.015247878086419808,0.015975625776852628,higher
H_MIXED,7,0.25,0.12,axial_error_kF_mean,0.1206782385372235,0.0730759365607046,-0.04760230197651889,-0.3944563871127092,lower
H_MIXED,7,2.0,1.0,total_mse,0.0007909930283949,0.0002975807732767,-0.0004934122551181999,-0.6237883741142987,lower
H_MIXED,7,2.0,1.0,sampling_mse,0.0008055886330463,0.0003049226327961,-0.0005006660002502001,-0.6214908946231681,lower
H_MIXED,7,2.0,1.0,focus_index_agreement,0.962003761574074,0.9628944830246914,0.0008907214506174155,0.0009259022533965738,higher
H_MIXED,7,2.0,1.0,axial_error_kF_mean,0.7788608444353818,0.2838112881609552,-0.49504955627442665,-0.6356071945474445,lower
H_MIXED,15,1.0,0.5,total_mse,0.0003171029839443,0.0002204656687209,-9.663731522339998e-05,-0.3047505703710899,lower
H_MIXED,15,1.0,0.5,sampling_mse,0.0003049226327961,0.0001813207723635,-0.00012360186043259996,-0.40535482492456315,lower
H_MIXED,15,1.0,0.5,focus_index_agreement,0.9652088155864198,0.963768325617284,-0.0014404899691358164,-0.0014924127772917573,higher
H_MIXED,15,1.0,0.5,axial_error_kF_mean,0.3021936538297917,0.2530631637827821,-0.04913049004700959,-0.16257948975553924,lower
H_MIXED,15,0.5,0.25,total_mse,0.0002204656687209,0.000159866017694,-6.05996510269e-05,-0.2748711460541121,lower
H_MIXED,15,0.5,0.25,sampling_mse,0.0001813207723635,9.542101692422518e-05,-8.589975543927483e-05,-0.4737447029349104,lower
H_MIXED,15,0.5,0.25,focus_index_agreement,0.963768325617284,0.9439646026234568,-0.019803722993827155,-0.020548219387831686,higher
H_MIXED,15,0.5,0.25,axial_error_kF_mean,0.2530631637827821,0.1596245304041802,-0.09343863337860189,-0.36923047978174084,lower
H_MIXED,15,0.25,0.12,total_mse,0.000159866017694,0.0001517685379952,-8.09747969880001e-06,-0.05065166328405965,lower
H_MIXED,15,0.25,0.12,sampling_mse,9.542101692422518e-05,6.528746441674096e-05,-3.0133552507484226e-05,-0.31579575945426774,lower
H_MIXED,15,0.25,0.12,focus_index_agreement,0.9439646026234568,0.9514756944444444,0.0075110918209875255,0.007956963428620921,higher
H_MIXED,15,0.25,0.12,axial_error_kF_mean,0.1596245304041802,0.1085561454960538,-0.0510683849081264,-0.3199281763198787,lower
H_MIXED,15,2.0,1.0,total_mse,0.0007924548639914,0.0003171029839443,-0.00047535188004709997,-0.5998472615246118,lower
H_MIXED,15,2.0,1.0,sampling_mse,0.0008055886330463,0.0003049226327961,-0.0005006660002502001,-0.6214908946231681,lower
H_MIXED,15,2.0,1.0,focus_index_agreement,0.96936824845679,0.9652088155864198,-0.004159432870370239,-0.004290869725712547,higher
H_MIXED,15,2.0,1.0,axial_error_kF_mean,0.7834398792021401,0.3021936538297917,-0.4812462253723484,-0.614273332450797,lower
H_FINE,3,1.0,0.5,total_mse,0.0003644029841246,0.0002289950259163,-0.00013540795820830002,-0.37158849984060527,lower
H_FINE,3,1.0,0.5,sampling_mse,0.0003717947438427,0.0002268133987975,-0.00014498134504519999,-0.38994995880452554,lower
H_FINE,3,1.0,0.5,focus_index_agreement,0.972632137345679,0.8612278163580247,-0.11140432098765429,-0.11453900885043505,higher
H_FINE,3,1.0,0.5,axial_error_kF_mean,0.2655658644505331,0.2235669159709065,-0.0419989484796266,-0.15814889675871627,lower
H_FINE,3,0.5,0.25,total_mse,0.0002289950259163,0.0001060990352637,-0.00012289599065259997,-0.5366753717066314,lower
H_FINE,3,0.5,0.25,sampling_mse,0.0002268133987975,0.000100842813061,-0.0001259705857365,-0.5553930517524985,lower
H_FINE,3,0.5,0.25,focus_index_agreement,0.8612278163580247,0.9635908564814816,0.10236304012345687,0.11885709934025528,higher
H_FINE,3,0.5,0.25,axial_error_kF_mean,0.2235669159709065,0.0937687190297662,-0.1297981969411403,-0.5805787335637415,lower
H_FINE,3,0.25,0.12,total_mse,0.0001060990352637,8.261329428334504e-05,-2.3485740980354965e-05,-0.22135678163315228,lower
H_FINE,3,0.25,0.12,sampling_mse,0.000100842813061,6.66001077749406e-05,-3.42427052860594e-05,-0.3395651533971581,lower
H_FINE,3,0.25,0.12,focus_index_agreement,0.9635908564814816,0.9752179783950616,0.011627121913580063,0.012066451062057702,higher
H_FINE,3,0.25,0.12,axial_error_kF_mean,0.0937687190297662,0.0528855669590969,-0.0408831520706693,-0.4359998994727788,lower
H_FINE,3,2.0,1.0,total_mse,0.0010231152443007,0.0003644029841246,-0.0006587122601761,-0.6438299730606891,lower
H_FINE,3,2.0,1.0,sampling_mse,0.0010362264793146,0.0003717947438427,-0.0006644317354719,-0.6412032009753125,lower
H_FINE,3,2.0,1.0,focus_index_agreement,0.931773726851852,0.972632137345679,0.04085841049382699,0.043850142278505456,higher
H_FINE,3,2.0,1.0,axial_error_kF_mean,0.8040763865335445,0.2655658644505331,-0.5385105220830114,-0.6697255771986854,lower
H_FINE,7,1.0,0.5,total_mse,0.0003597182729849,0.0002290160421235,-0.00013070223086140002,-0.3633460979806454,lower
H_FINE,7,1.0,0.5,sampling_mse,0.0003717947438427,0.0002268133987975,-0.00014498134504519999,-0.38994995880452554,lower
H_FINE,7,1.0,0.5,focus_index_agreement,0.9761930941358024,0.9762678433641976,7.474922839523224e-05,7.657217495623213e-05,higher
H_FINE,7,1.0,0.5,axial_error_kF_mean,0.2699624573571862,0.2172621502966011,-0.05270030706058512,-0.19521346625933828,lower
H_FINE,7,0.5,0.25,total_mse,0.0002290160421235,0.0001229231850351,-0.0001060928570884,-0.4632551331543316,lower
H_FINE,7,0.5,0.25,sampling_mse,0.0002268133987975,0.000100842813061,-0.0001259705857365,-0.5553930517524985,lower
H_FINE,7,0.5,0.25,focus_index_agreement,0.9762678433641976,0.9716329089506172,-0.004634934413580427,-0.004747605326842012,higher
H_FINE,7,0.5,0.25,axial_error_kF_mean,0.2172621502966011,0.1052370983205791,-0.11202505197602199,-0.5156215743197242,lower
H_FINE,7,0.25,0.12,total_mse,0.0001229231850351,0.0001111599568355,-1.1763228199599993e-05,-0.09569576476757474,lower
H_FINE,7,0.25,0.12,sampling_mse,0.000100842813061,6.66001077749406e-05,-3.42427052860594e-05,-0.3395651533971581,lower
H_FINE,7,0.25,0.12,focus_index_agreement,0.9716329089506172,0.9733453896604938,0.0017124807098766182,0.001762477057025715,higher
H_FINE,7,0.25,0.12,axial_error_kF_mean,0.1052370983205791,0.0663888834375765,-0.03884821488300261,-0.36914943021956964,lower
H_FINE,7,2.0,1.0,total_mse,0.0010226554018778,0.0003597182729849,-0.0006629371288929,-0.6482507476864785,lower
H_FINE,7,2.0,1.0,sampling_mse,0.0010362264793146,0.0003717947438427,-0.0006644317354719,-0.6412032009753125,lower
H_FINE,7,2.0,1.0,focus_index_agreement,0.9562601273148148,0.9761930941358024,0.019932966820987552,0.020844711864081863,higher
H_FINE,7,2.0,1.0,axial_error_kF_mean,0.7915071448136944,0.2699624573571862,-0.5215446874565082,-0.6589260638692904,lower
H_FINE,15,1.0,0.5,total_mse,0.0003790248501621,0.0002623614505364,-0.00011666339962570002,-0.3077988147104493,lower
H_FINE,15,1.0,0.5,sampling_mse,0.0003717947438427,0.0002268133987975,-0.00014498134504519999,-0.38994995880452554,lower
H_FINE,15,1.0,0.5,focus_index_agreement,0.9710112847222222,0.9682899305555556,-0.002721354166666634,-0.0028025978786076966,higher
H_FINE,15,1.0,0.5,axial_error_kF_mean,0.2906379592671212,0.2429071031583829,-0.04773085610873831,-0.16422788072520686,lower
H_FINE,15,0.5,0.25,total_mse,0.0002623614505364,0.0001615874507652,-0.00010077399977119998,-0.38410368430715247,lower
H_FINE,15,0.5,0.25,sampling_mse,0.0002268133987975,0.000100842813061,-0.0001259705857365,-0.5553930517524985,lower
H_FINE,15,0.5,0.25,focus_index_agreement,0.9682899305555556,0.9579123263888888,-0.010377604166666776,-0.010717455422378125,higher
H_FINE,15,0.5,0.25,axial_error_kF_mean,0.2429071031583829,0.1406637048189161,-0.1022433983394668,-0.4209156381598317,lower
H_FINE,15,0.25,0.12,total_mse,0.0001615874507652,0.0001497837527845,-1.1803697980699993e-05,-0.07304835817882756,lower
H_FINE,15,0.25,0.12,sampling_mse,0.000100842813061,6.66001077749406e-05,-3.42427052860594e-05,-0.3395651533971581,lower
H_FINE,15,0.25,0.12,focus_index_agreement,0.9579123263888888,0.9590345293209876,0.0011222029320988591,0.0011715090214250697,higher
H_FINE,15,0.25,0.12,axial_error_kF_mean,0.1406637048189161,0.0959533491932829,-0.044710355625633205,-0.31785282268223514,lower
H_FINE,15,2.0,1.0,total_mse,0.0010243399514151,0.0003790248501621,-0.000645315101253,-0.6299813849508782,lower
H_FINE,15,2.0,1.0,sampling_mse,0.0010362264793146,0.0003717947438427,-0.0006644317354719,-0.6412032009753125,lower
H_FINE,15,2.0,1.0,focus_index_agreement,0.9627498070987656,0.9710112847222222,0.008261477623456637,0.008581126230866248,higher
H_FINE,15,2.0,1.0,axial_error_kF_mean,0.7985712909094683,0.2906379592671212,-0.5079333316423471,-0.636052582185715,lower
P_LF,3,1.0,0.5,total_mse,0.0003705886363885,0.0002523086306676,-0.0001182800057209,-0.31916792396435834,lower
P_LF,3,1.0,0.5,sampling_mse,0.000326234179707,0.000203610309657,-0.00012262387005,-0.37587683228082325,lower
P_LF,3,1.0,0.5,focus_index_agreement,0.840727237654321,0.7355362654320987,-0.10519097222222229,-0.1251190249476291,higher
P_LF,3,1.0,0.5,axial_error_kF_mean,0.3712610909160486,0.3438391397651023,-0.02742195115094631,-0.07386163490304212,lower
P_LF,3,0.5,0.25,total_mse,0.0002523086306676,0.0001545503030916,-9.775832757599997e-05,-0.3874553451355778,lower
P_LF,3,0.5,0.25,sampling_mse,0.000203610309657,0.0001240579270488,-7.955238260819999e-05,-0.39070901047306095,lower
P_LF,3,0.5,0.25,focus_index_agreement,0.7355362654320987,0.8885894097222222,0.1530531442901235,0.2080837498885399,higher
P_LF,3,0.5,0.25,axial_error_kF_mean,0.3438391397651023,0.1506339443697438,-0.19320519539535846,-0.5619057665376572,lower
P_LF,3,0.25,0.12,total_mse,0.0001545503030916,0.0001265104005873,-2.803990250430002e-05,-0.1814289713018623,lower
P_LF,3,0.25,0.12,sampling_mse,0.0001240579270488,9.295812946048527e-05,-3.109979758831474e-05,-0.25068770958974007,lower
P_LF,3,0.25,0.12,focus_index_agreement,0.8885894097222222,0.958049286265432,0.06945987654320973,0.0781686972444599,higher
P_LF,3,0.25,0.12,axial_error_kF_mean,0.1506339443697438,0.0781457811238768,-0.07248816324586702,-0.48122064086656763,lower
P_LF,3,2.0,1.0,total_mse,0.0011458853213635,0.0003705886363885,-0.000775296684975,-0.6765918635317424,lower
P_LF,3,2.0,1.0,sampling_mse,0.0011549252542817,0.000326234179707,-0.0008286910745747,-0.717527884598991,lower
P_LF,3,2.0,1.0,focus_index_agreement,0.937047164351852,0.840727237654321,-0.09631992669753098,-0.10279090568952813,higher
P_LF,3,2.0,1.0,axial_error_kF_mean,0.7924081155002094,0.3712610909160486,-0.4211470245841608,-0.5314774247589713,lower
P_LF,7,1.0,0.5,total_mse,0.0003481828636529,0.0002440655101183,-0.00010411735353460001,-0.2990306657894386,lower
P_LF,7,1.0,0.5,sampling_mse,0.000326234179707,0.000203610309657,-0.00012262387005,-0.37587683228082325,lower
P_LF,7,1.0,0.5,focus_index_agreement,0.8979624807098765,0.8216203703703704,-0.07634211033950611,-0.08501703799378624,higher
P_LF,7,1.0,0.5,axial_error_kF_mean,0.3403224577747535,0.3118757855967193,-0.028446672178034205,-0.08358740814237413,lower
P_LF,7,0.5,0.25,total_mse,0.0002440655101183,0.0001671191143118,-7.694639580649998e-05,-0.3152694363460188,lower
P_LF,7,0.5,0.25,sampling_mse,0.000203610309657,0.0001240579270488,-7.955238260819999e-05,-0.39070901047306095,lower
P_LF,7,0.5,0.25,focus_index_agreement,0.8216203703703704,0.9307585841049384,0.109138213734568,0.1328328966398078,higher
P_LF,7,0.5,0.25,axial_error_kF_mean,0.3118757855967193,0.1439548654547997,-0.1679209201419196,-0.5384224357804263,lower
P_LF,7,0.25,0.12,total_mse,0.0001671191143118,0.0001524339359741,-1.4685178337700008e-05,-0.08787252372760516,lower
P_LF,7,0.25,0.12,sampling_mse,0.0001240579270488,9.295812946048527e-05,-3.109979758831474e-05,-0.25068770958974007,lower
P_LF,7,0.25,0.12,focus_index_agreement,0.9307585841049384,0.966063850308642,0.035305266203703556,0.037931711623862996,higher
P_LF,7,0.25,0.12,axial_error_kF_mean,0.1439548654547997,0.0832415331506109,-0.06071333230418881,-0.4217525549579437,lower
P_LF,7,2.0,1.0,total_mse,0.0011456212334809,0.0003481828636529,-0.0007974383698280001,-0.6960750608689683,lower
P_LF,7,2.0,1.0,sampling_mse,0.0011549252542817,0.000326234179707,-0.0008286910745747,-0.717527884598991,lower
P_LF,7,2.0,1.0,focus_index_agreement,0.9580753279320988,0.8979624807098765,-0.06011284722222232,-0.06274334122763536,higher
P_LF,7,2.0,1.0,axial_error_kF_mean,0.7794747665620879,0.3403224577747535,-0.4391523087873344,-0.5633951573881442,lower
P_LF,15,1.0,0.5,total_mse,0.0003540009796401,0.0002658774844533,-8.81234951868e-05,-0.24893573819030662,lower
P_LF,15,1.0,0.5,sampling_mse,0.000326234179707,0.000203610309657,-0.00012262387005,-0.37587683228082325,lower
P_LF,15,1.0,0.5,focus_index_agreement,0.9544709683641976,0.9443431712962964,-0.010127797067901234,-0.01061090112071043,higher
P_LF,15,1.0,0.5,axial_error_kF_mean,0.3246905088195811,0.2869227455662685,-0.0377677632533126,-0.11631927089774834,lower
P_LF,15,0.5,0.25,total_mse,0.0002658774844533,0.0002079038705159,-5.797361393739998e-05,-0.21804634588222435,lower
P_LF,15,0.5,0.25,sampling_mse,0.000203610309657,0.0001240579270488,-7.955238260819999e-05,-0.39070901047306095,lower
P_LF,15,0.5,0.25,focus_index_agreement,0.9443431712962964,0.9316811342592592,-0.012662037037037166,-0.01340830052242135,higher
P_LF,15,0.5,0.25,axial_error_kF_mean,0.2869227455662685,0.1756006163794594,-0.11132212918680912,-0.38798642110824855,lower
P_LF,15,0.25,0.12,total_mse,0.0002079038705159,0.0001980932717617,-9.810598754200018e-06,-0.04718814868552303,lower
P_LF,15,0.25,0.12,sampling_mse,0.0001240579270488,9.295812946048527e-05,-3.109979758831474e-05,-0.25068770958974007,lower
P_LF,15,0.25,0.12,focus_index_agreement,0.9316811342592592,0.9453043016975308,0.013623167438271522,0.014622135124698787,higher
P_LF,15,0.25,0.12,axial_error_kF_mean,0.1756006163794594,0.1194912456437037,-0.0561093707357557,-0.3195283245162857,lower
P_LF,15,2.0,1.0,total_mse,0.0011489269988299,0.0003540009796401,-0.0007949260191898001,-0.6918855767158186,lower
P_LF,15,2.0,1.0,sampling_mse,0.0011549252542817,0.000326234179707,-0.0008286910745747,-0.717527884598991,lower
P_LF,15,2.0,1.0,focus_index_agreement,0.967869888117284,0.9544709683641976,-0.01339891975308638,-0.01384372002640786,higher
P_LF,15,2.0,1.0,axial_error_kF_mean,0.7791904933457954,0.3246905088195811,-0.45449998452621426,-0.5832976510976406,lower
P_COARSE,3,1.0,0.5,total_mse,0.0004553535787444,0.0002846280049663,-0.0001707255737781,-0.3749296848590972,lower
P_COARSE,3,1.0,0.5,sampling_mse,0.0004574075732315,0.0002702408413023,-0.00018716673192919998,-0.4091902777361153,lower
P_COARSE,3,1.0,0.5,focus_index_agreement,0.9648451967592592,0.8316068672839506,-0.13323832947530856,-0.13809296032444587,higher
P_COARSE,3,1.0,0.5,axial_error_kF_mean,0.2740234363356673,0.2388722018085971,-0.03515123452707017,-0.1282782049489058,lower
P_COARSE,3,0.5,0.25,total_mse,0.0002846280049663,0.0001513884401641,-0.0001332395648022,-0.4681182542735933,lower
P_COARSE,3,0.5,0.25,sampling_mse,0.0002702408413023,0.0001337586270419,-0.0001364822142604,-0.5050391850568828,lower
P_COARSE,3,0.5,0.25,focus_index_agreement,0.8316068672839506,0.895333236882716,0.06372636959876543,0.07663040326602567,higher
P_COARSE,3,0.5,0.25,axial_error_kF_mean,0.2388722018085971,0.1177860239116566,-0.12108617789694051,-0.5069077815675016,lower
P_COARSE,3,0.25,0.12,total_mse,0.0001513884401641,0.0001209559850346,-3.0432455129499988e-05,-0.2010223177972653,lower
P_COARSE,3,0.25,0.12,sampling_mse,0.0001337586270419,9.467500535082236e-05,-3.908362169107764e-05,-0.29219514700038496,lower
P_COARSE,3,0.25,0.12,focus_index_agreement,0.895333236882716,0.9638069058641976,0.06847366898148155,0.0764784173766256,higher
P_COARSE,3,0.25,0.12,axial_error_kF_mean,0.1177860239116566,0.0655393888022993,-0.0522466351093573,-0.44357244921132577,lower
P_COARSE,3,2.0,1.0,total_mse,0.0020905689509377,0.0004553535787444,-0.0016352153721932998,-0.7821867685635738,lower
P_COARSE,3,2.0,1.0,sampling_mse,0.0021162652126185,0.0004574075732315,-0.001658857639387,-0.7838609402525972,lower
P_COARSE,3,2.0,1.0,focus_index_agreement,0.8990128279320988,0.9648451967592592,0.06583236882716037,0.07322739651956624,higher
P_COARSE,3,2.0,1.0,axial_error_kF_mean,0.8097598891561366,0.2740234363356673,-0.5357364528204693,-0.6615991480866861,lower
P_COARSE,7,1.0,0.5,total_mse,0.0004502761153109,0.0002799962266761,-0.00017027988863479998,-0.3781677127538236,lower
P_COARSE,7,1.0,0.5,sampling_mse,0.0004574075732315,0.0002702408413023,-0.00018716673192919998,-0.4091902777361153,lower
P_COARSE,7,1.0,0.5,focus_index_agreement,0.972169174382716,0.94315731095679,-0.029011863425925988,-0.029842402115194844,higher
P_COARSE,7,1.0,0.5,axial_error_kF_mean,0.2754101119418161,0.2290298111657658,-0.04638030077605029,-0.16840449484239972,lower
P_COARSE,7,0.5,0.25,total_mse,0.0002799962266761,0.000165308587295,-0.0001146876393811,-0.4096042319662072,lower
P_COARSE,7,0.5,0.25,sampling_mse,0.0002702408413023,0.0001337586270419,-0.0001364822142604,-0.5050391850568828,lower
P_COARSE,7,0.5,0.25,focus_index_agreement,0.94315731095679,0.9439231288580248,0.0007658179012347555,0.0008119726076849981,higher
P_COARSE,7,0.5,0.25,axial_error_kF_mean,0.2290298111657658,0.1188552670230456,-0.1101745441427202,-0.48104892363980833,lower
P_COARSE,7,0.25,0.12,total_mse,0.000165308587295,0.0001493041288346,-1.6004458460400006e-05,-0.09681565079156709,lower
P_COARSE,7,0.25,0.12,sampling_mse,0.0001337586270419,9.467500535082236e-05,-3.908362169107764e-05,-0.29219514700038496,lower
P_COARSE,7,0.25,0.12,focus_index_agreement,0.9439231288580248,0.9690239197530864,0.025100790895061675,0.026591986283278243,higher
P_COARSE,7,0.25,0.12,axial_error_kF_mean,0.1188552670230456,0.0748677881828232,-0.04398747884022239,-0.37009280229620267,lower
P_COARSE,7,2.0,1.0,total_mse,0.0020938406681407,0.0004502761153109,-0.0016435645528297999,-0.7849520633722629,lower
P_COARSE,7,2.0,1.0,sampling_mse,0.0021162652126185,0.0004574075732315,-0.001658857639387,-0.7838609402525972,lower
P_COARSE,7,2.0,1.0,focus_index_agreement,0.936240837191358,0.972169174382716,0.03592833719135802,0.03837510153812553,higher
P_COARSE,7,2.0,1.0,axial_error_kF_mean,0.7932679367329232,0.2754101119418161,-0.5178578247911071,-0.6528157773827421,lower
P_COARSE,15,1.0,0.5,total_mse,0.0004723924950991,0.0003154171453297,-0.00015697534976939997,-0.3322985682413714,lower
P_COARSE,15,1.0,0.5,sampling_mse,0.0004574075732315,0.0002702408413023,-0.00018716673192919998,-0.4091902777361153,lower
P_COARSE,15,1.0,0.5,focus_index_agreement,0.9709346064814814,0.9650192901234568,-0.005915316358024669,-0.006092394192705595,higher
P_COARSE,15,1.0,0.5,axial_error_kF_mean,0.2927761998950428,0.2458615730932447,-0.04691462680179809,-0.16024057562949615,lower
P_COARSE,15,0.5,0.25,total_mse,0.0003154171453297,0.0002096586135787,-0.00010575853175100002,-0.3352973461238211,lower
P_COARSE,15,0.5,0.25,sampling_mse,0.0002702408413023,0.0001337586270419,-0.0001364822142604,-0.5050391850568828,lower
P_COARSE,15,0.5,0.25,focus_index_agreement,0.9650192901234568,0.9450163966049384,-0.02000289351851836,-0.020727972718513586,higher
P_COARSE,15,0.5,0.25,axial_error_kF_mean,0.2458615730932447,0.1504812948903798,-0.09538027820286488,-0.3879430079408597,lower
P_COARSE,15,0.25,0.12,total_mse,0.0002096586135787,0.0001959228104308,-1.3735803147899982e-05,-0.0655150910017057,lower
P_COARSE,15,0.25,0.12,sampling_mse,0.0001337586270419,9.467500535082236e-05,-3.908362169107764e-05,-0.29219514700038496,lower
P_COARSE,15,0.25,0.12,focus_index_agreement,0.9450163966049384,0.951084587191358,0.006068190586419608,0.006421254285343791,higher
P_COARSE,15,0.25,0.12,axial_error_kF_mean,0.1504812948903798,0.1075728906264293,-0.04290840426395051,-0.285141115347311,lower
P_COARSE,15,2.0,1.0,total_mse,0.0021053550376546,0.0004723924950991,-0.0016329625425555,-0.7756233572721526,lower
P_COARSE,15,2.0,1.0,sampling_mse,0.0021162652126185,0.0004574075732315,-0.001658857639387,-0.7838609402525972,lower
P_COARSE,15,2.0,1.0,focus_index_agreement,0.9680936535493828,0.9709346064814814,0.002840952932098628,0.0029345848117923955,higher
P_COARSE,15,2.0,1.0,axial_error_kF_mean,0.7876478844276547,0.2927761998950428,-0.4948716845326119,-0.6282905017794989,lower
P_MIXED,3,1.0,0.5,total_mse,0.0006571752939158,0.0004109886965784,-0.0002461865973374,-0.3746132875301646,lower
P_MIXED,3,1.0,0.5,sampling_mse,0.0006637110151908,0.0004080758578382,-0.0002556351573526,-0.38516033560044416,lower
P_MIXED,3,1.0,0.5,focus_index_agreement,0.9730796682098766,0.948056037808642,-0.025023630401234565,-0.025715911264767476,higher
P_MIXED,3,1.0,0.5,axial_error_kF_mean,0.2629868757222012,0.2118205065148797,-0.05116636920732151,-0.1945586412508648,lower
P_MIXED,3,0.5,0.25,total_mse,0.0004109886965784,0.0001670644813186,-0.0002439242152598,-0.5935058975843857,lower
P_MIXED,3,0.5,0.25,sampling_mse,0.0004080758578382,0.0001537631245969,-0.00025431273324129995,-0.6231996535853235,lower
P_MIXED,3,0.5,0.25,focus_index_agreement,0.948056037808642,0.8827811535493827,-0.06527488425925931,-0.06885129323171355,higher
P_MIXED,3,0.5,0.25,axial_error_kF_mean,0.2118205065148797,0.1050567383295346,-0.10676376818534508,-0.5040294253939256,lower
P_MIXED,3,0.25,0.12,total_mse,0.0001670644813186,0.0001209289326287,-4.61355486899e-05,-0.27615414315336895,lower
P_MIXED,3,0.25,0.12,sampling_mse,0.0001537631245969,9.95281329275745e-05,-5.4234991669325496e-05,-0.3527178041647244,lower
P_MIXED,3,0.25,0.12,focus_index_agreement,0.8827811535493827,0.9595052083333332,0.0767240547839505,0.08691174984362482,higher
P_MIXED,3,0.25,0.12,axial_error_kF_mean,0.1050567383295346,0.0568140999570496,-0.048242638372485006,-0.4592055601532277,lower
P_MIXED,3,2.0,1.0,total_mse,0.0025992041027053,0.0006571752939158,-0.0019420288087895,-0.7471628745000057,lower
P_MIXED,3,2.0,1.0,sampling_mse,0.0026284849583302,0.0006637110151908,-0.0019647739431394,-0.7474929376759926,lower
P_MIXED,3,2.0,1.0,focus_index_agreement,0.913569637345679,0.9730796682098766,0.059510030864197594,0.06514011459170246,higher
P_MIXED,3,2.0,1.0,axial_error_kF_mean,0.8098433107319165,0.2629868757222012,-0.5468564350097154,-0.6752620263239316,lower
P_MIXED,7,1.0,0.5,total_mse,0.0006543231777081,0.0004134885915434,-0.00024083458616470005,-0.3680667204977702,lower
P_MIXED,7,1.0,0.5,sampling_mse,0.0006637110151908,0.0004080758578382,-0.0002556351573526,-0.38516033560044416,lower
P_MIXED,7,1.0,0.5,focus_index_agreement,0.976955536265432,0.9787808641975309,0.0018253279320988858,0.0018683838356415813,higher
P_MIXED,7,1.0,0.5,axial_error_kF_mean,0.2669964230713473,0.2130189680443367,-0.053977455027010596,-0.2021654612675715,lower
P_MIXED,7,0.5,0.25,total_mse,0.0004134885915434,0.0001805044473231,-0.00023298414422029997,-0.5634596672925275,lower
P_MIXED,7,0.5,0.25,sampling_mse,0.0004080758578382,0.0001537631245969,-0.00025431273324129995,-0.6231996535853235,lower
P_MIXED,7,0.5,0.25,focus_index_agreement,0.9787808641975309,0.9592033179012346,-0.019577546296296267,-0.020001970831690943,higher
P_MIXED,7,0.5,0.25,axial_error_kF_mean,0.2130189680443367,0.1042232010564547,-0.108795766987882,-0.5107327670709483,lower
P_MIXED,7,0.25,0.12,total_mse,0.0001805044473231,0.0001524450529576,-2.805939436550001e-05,-0.15544987828069495,lower
P_MIXED,7,0.25,0.12,sampling_mse,0.0001537631245969,9.95281329275745e-05,-5.4234991669325496e-05,-0.3527178041647244,lower
P_MIXED,7,0.25,0.12,focus_index_agreement,0.9592033179012346,0.9706327160493828,0.011429398148148251,0.011915511482128851,higher
P_MIXED,7,0.25,0.12,axial_error_kF_mean,0.1042232010564547,0.0678743091847834,-0.0363488918716713,-0.3487600793606613,lower
P_MIXED,7,2.0,1.0,total_mse,0.0026090489848997,0.0006543231777081,-0.0019547258071916,-0.7492100832544337,lower
P_MIXED,7,2.0,1.0,sampling_mse,0.0026284849583302,0.0006637110151908,-0.0019647739431394,-0.7474929376759926,lower
P_MIXED,7,2.0,1.0,focus_index_agreement,0.9487866512345678,0.976955536265432,0.02816888503086412,0.029689377474072354,higher
P_MIXED,7,2.0,1.0,axial_error_kF_mean,0.7951314195346957,0.2669964230713473,-0.5281349964633484,-0.6642109511562361,lower
P_MIXED,15,1.0,0.5,total_mse,0.0006750004602612,0.0004498377373186,-0.00022516272294259993,-0.33357417690570224,lower
P_MIXED,15,1.0,0.5,sampling_mse,0.0006637110151908,0.0004080758578382,-0.0002556351573526,-0.38516033560044416,lower
P_MIXED,15,1.0,0.5,focus_index_agreement,0.9716763117283952,0.9706925154320988,-0.000983796296296413,-0.0010124732736835574,higher
P_MIXED,15,1.0,0.5,axial_error_kF_mean,0.287485411160619,0.2349186507721969,-0.05256676038842209,-0.18285018421005328,lower
P_MIXED,15,0.5,0.25,total_mse,0.0004498377373186,0.000224208547875,-0.00022562918944360003,-0.5015790600151382,lower
P_MIXED,15,0.5,0.25,sampling_mse,0.0004080758578382,0.0001537631245969,-0.00025431273324129995,-0.6231996535853235,lower
P_MIXED,15,0.5,0.25,focus_index_agreement,0.9706925154320988,0.9540432098765432,-0.01664930555555555,-0.017151987154391726,higher
P_MIXED,15,0.5,0.25,axial_error_kF_mean,0.2349186507721969,0.1299504669166709,-0.104968183855526,-0.44682779979574616,lower
P_MIXED,15,0.25,0.12,total_mse,0.000224208547875,0.0001967709283964,-2.743761947860001e-05,-0.12237543902160652,lower
P_MIXED,15,0.25,0.12,sampling_mse,0.0001537631245969,9.95281329275745e-05,-5.4234991669325496e-05,-0.3527178041647244,lower
P_MIXED,15,0.25,0.12,focus_index_agreement,0.9540432098765432,0.9563093171296296,0.0022661072530864024,0.002375266895279979,higher
P_MIXED,15,0.25,0.12,axial_error_kF_mean,0.1299504669166709,0.0925216848674648,-0.03742878204920609,-0.2880234518372822,lower
P_MIXED,15,2.0,1.0,total_mse,0.0026175262723311,0.0006750004602612,-0.0019425258120699,-0.7421227563610804,lower
P_MIXED,15,2.0,1.0,sampling_mse,0.0026284849583302,0.0006637110151908,-0.0019647739431394,-0.7474929376759926,lower
P_MIXED,15,2.0,1.0,focus_index_agreement,0.9637991898148148,0.9716763117283952,0.007877121913580365,0.008172990802258178,higher
P_MIXED,15,2.0,1.0,axial_error_kF_mean,0.7977503665238678,0.287485411160619,-0.5102649553632488,-0.6396298601361812,lower
P_FINE,3,1.0,0.5,total_mse,0.001079350053659,0.000769162937314,-0.000310187116345,-0.28738324076926175,lower
P_FINE,3,1.0,0.5,sampling_mse,0.0010891157928915,0.0007719130005423,-0.00031720279234919997,-0.29124799623652176,lower
P_FINE,3,1.0,0.5,focus_index_agreement,0.9756471836419752,0.98086612654321,0.005218942901234813,0.00534921126072759,higher
P_FINE,3,1.0,0.5,axial_error_kF_mean,0.2629271123693545,0.2006347943846682,-0.06229231798468632,-0.2369185795384212,lower
P_FINE,3,0.5,0.25,total_mse,0.000769162937314,0.0002067034972512,-0.0005624594400628,-0.7312617558341657,lower
P_FINE,3,0.5,0.25,sampling_mse,0.0007719130005423,0.0002038421073456,-0.0005680708931966999,-0.7359260600580729,lower
P_FINE,3,0.5,0.25,focus_index_agreement,0.98086612654321,0.9598717206790124,-0.02099440586419765,-0.021403946263478992,higher
P_FINE,3,0.5,0.25,axial_error_kF_mean,0.2006347943846682,0.0842915629753449,-0.11634323140932329,-0.5798756480207694,lower
P_FINE,3,0.25,0.12,total_mse,0.0002067034972512,0.0001295631903696,-7.714030688159998e-05,-0.3731930417599751,lower
P_FINE,3,0.25,0.12,sampling_mse,0.0002038421073456,0.0001108154002673,-9.302670707829999e-05,-0.4563664901706483,lower
P_FINE,3,0.25,0.12,focus_index_agreement,0.9598717206790124,0.9473948688271604,-0.012476851851851989,-0.012998457588713912,higher
P_FINE,3,0.25,0.12,axial_error_kF_mean,0.0842915629753449,0.0501063182543329,-0.034185244721012004,-0.40555950695814136,lower
P_FINE,3,2.0,1.0,total_mse,0.002936337517565,0.001079350053659,-0.0018569874639060003,-0.6324162167317651,lower
P_FINE,3,2.0,1.0,sampling_mse,0.0029477928782066,0.0010891157928915,-0.0018586770853151002,-0.6305317782183855,lower
P_FINE,3,2.0,1.0,focus_index_agreement,0.9562741126543208,0.9756471836419752,0.019373070987654395,0.020258909795101268,higher
P_FINE,3,2.0,1.0,axial_error_kF_mean,0.8126624615670324,0.2629271123693545,-0.5497353491976779,-0.6764620924382798,lower
P_FINE,7,1.0,0.5,total_mse,0.0010767621096963,0.0007754812924171,-0.00030128081727919995,-0.27980258087292464,lower
P_FINE,7,1.0,0.5,sampling_mse,0.0010891157928915,0.0007719130005423,-0.00031720279234919997,-0.29124799623652176,lower
P_FINE,7,1.0,0.5,focus_index_agreement,0.9764641203703704,0.985466338734568,0.009002218364197567,0.009219200354011008,higher
P_FINE,7,1.0,0.5,axial_error_kF_mean,0.2705823883016953,0.207458704649993,-0.06312368365170229,-0.23328821970970384,lower
P_FINE,7,0.5,0.25,total_mse,0.0007754812924171,0.0002256426138697,-0.0005498386785474001,-0.709028939735743,lower
P_FINE,7,0.5,0.25,sampling_mse,0.0007719130005423,0.0002038421073456,-0.0005680708931966999,-0.7359260600580729,lower
P_FINE,7,0.5,0.25,focus_index_agreement,0.985466338734568,0.9778414351851852,-0.007624903549382833,-0.007737355655571078,higher
P_FINE,7,0.5,0.25,axial_error_kF_mean,0.207458704649993,0.0935804511246249,-0.1138782535253681,-0.5489201030031204,lower
P_FINE,7,0.25,0.12,total_mse,0.0002256426138697,0.000159525814906,-6.611679896369998e-05,-0.293015569310325,lower
P_FINE,7,0.25,0.12,sampling_mse,0.0002038421073456,0.0001108154002673,-9.302670707829999e-05,-0.4563664901706483,lower
P_FINE,7,0.25,0.12,focus_index_agreement,0.9778414351851852,0.9737282986111112,-0.004113136574073972,-0.004206343100295213,higher
P_FINE,7,0.25,0.12,axial_error_kF_mean,0.0935804511246249,0.0582575701183058,-0.035322881006319105,-0.3774600419405778,lower
P_FINE,7,2.0,1.0,total_mse,0.0029352827787693,0.0010767621096963,-0.001858520669073,-0.6331658000774416,lower
P_FINE,7,2.0,1.0,sampling_mse,0.0029477928782066,0.0010891157928915,-0.0018586770853151002,-0.6305317782183855,lower
P_FINE,7,2.0,1.0,focus_index_agreement,0.9609360532407408,0.9764641203703704,0.015528067129629619,0.016159313699659276,higher
P_FINE,7,2.0,1.0,axial_error_kF_mean,0.8120406508789352,0.2705823883016953,-0.54145826257724,-0.6667871392782828,lower
P_FINE,15,1.0,0.5,total_mse,0.001098632127372,0.00081144042554,-0.0002871917018320001,-0.26140843206449954,lower
P_FINE,15,1.0,0.5,sampling_mse,0.0010891157928915,0.0007719130005423,-0.00031720279234919997,-0.29124799623652176,lower
P_FINE,15,1.0,0.5,focus_index_agreement,0.9694102044753088,0.9732566550925926,0.0038464506172838364,0.003967825590783542,higher
P_FINE,15,1.0,0.5,axial_error_kF_mean,0.2951631836656667,0.233597343628304,-0.06156584003736268,-0.2085823823715722,lower
P_FINE,15,0.5,0.25,total_mse,0.00081144042554,0.0002672520515109,-0.0005441883740291,-0.6706448888924308,lower
P_FINE,15,0.5,0.25,sampling_mse,0.0007719130005423,0.0002038421073456,-0.0005680708931966999,-0.7359260600580729,lower
P_FINE,15,0.5,0.25,focus_index_agreement,0.9732566550925926,0.9688671875,-0.004389467592592622,-0.004510082278528084,higher
P_FINE,15,0.5,0.25,axial_error_kF_mean,0.233597343628304,0.1140957738227733,-0.1195015698055307,-0.5115707565394215,lower
P_FINE,15,0.25,0.12,total_mse,0.0002672520515109,0.0001983134145033,-6.893863700759998e-05,-0.2579536307312062,lower
P_FINE,15,0.25,0.12,sampling_mse,0.0002038421073456,0.0001108154002673,-9.302670707829999e-05,-0.4563664901706483,lower
P_FINE,15,0.25,0.12,focus_index_agreement,0.9688671875,0.967435860339506,-0.0014313271604939892,-0.0014773202962805355,higher
P_FINE,15,0.25,0.12,axial_error_kF_mean,0.1140957738227733,0.0675387564789238,-0.04655701734384951,-0.408052075760205,lower
P_FINE,15,2.0,1.0,total_mse,0.0029366990272218,0.001098632127372,-0.0018380668998497999,-0.6258955660119733,lower
P_FINE,15,2.0,1.0,sampling_mse,0.0029477928782066,0.0010891157928915,-0.0018586770853151002,-0.6305317782183855,lower
P_FINE,15,2.0,1.0,focus_index_agreement,0.9597164351851852,0.9694102044753088,0.009693769290123555,0.01010065987694903,higher
P_FINE,15,2.0,1.0,axial_error_kF_mean,0.82505953502904,0.2951631836656667,-0.5298963513633732,-0.6422522604319969,lower
