condition,window,landmark_delta,actual_delta,sampling_mse,fusion_mse,total_mse,sampling_psnr,fusion_psnr,total_psnr,sampling_ssim,fusion_ssim,total_ssim,focus_index_agreement,axial_error_kF_mean,axial_error_kF_median,axial_error_kF_p95,oracle_axial_error_mean,N_eff,R_Z,adjacent_overlap_mean,K
H_LF,3,0.1,0.1,6.0679764988402464e-05,1.2529789173321762e-05,8.636540495406967e-05,90.30036470764384,97.1513659726668,88.76740547165483,0.999994641541612,0.999999283500286,0.9999922953788624,0.920974151234568,0.0599402543905952,0.0,0.1,0.0107030703195439,24.719764786919846,0.694817718680002,0.7035029401635019,81
H_LF,3,0.25,0.25,9.123336740915646e-05,1.5413001249875945e-05,0.0001103839342359,88.52926655967666,96.25193147240417,87.70174492007303,0.999992819481928,0.99999878580629,0.9999904664592848,0.9162355324074074,0.1582912609017489,0.0499999999999998,0.2000000000000001,0.0602114323449516,20.52866689534804,0.3779191849894534,0.3897291595203738,33
H_LF,3,0.5,0.5,0.0001573084178849,2.198675448505793e-05,0.0001799947128069,86.16328397665086,94.70919233974404,85.5782061261178,0.9999885035829672,0.9999983268583256,0.9999854712539956,0.8279711612654321,0.3575607794129664,0.2000000000000001,1.2000000000000002,0.1738415604378203,12.2569951741606,0.2790002838729059,0.2964378016149624,17
H_LF,3,1.0,1.0,0.0002610965816675,2.0962272181251608e-05,0.0002746073854447,83.96279174884265,94.91642005156592,83.74368147651245,0.9999790469299804,0.9999985287202044,0.999977338155832,0.8848953510802469,0.3823188933884656,0.2000000000000001,1.2000000000000002,0.2171453523130468,7.865599802581713,0.1260444663798097,0.1418000246772859,9
H_LF,3,2.0,2.0,0.0005057032621694,1.2697712731125668e-05,0.0005029380398145,81.0918460569761,97.0935486335388,81.11565876058746,0.9999501115637351,0.9999989035814056,0.9999503034164096,0.7661612654320987,0.892986323704872,0.7999999999999998,1.2000000000000002,0.6952242473615511,4.279438487926841,0.1441123024146318,0.1801403780182897,5
H_LF,7,0.1,0.1,6.0679764988402464e-05,2.2934086881817117e-05,0.0001115400989749,90.30036470764384,94.52598907443404,87.65649335341581,0.999994641541612,0.9999983621453428,0.9999898716650628,0.9575028935185184,0.0597878455366687,0.0,0.0469522476196289,0.0107030703195439,14.894396015738526,0.8161185677069318,0.8263200498032685,81
H_LF,7,0.25,0.25,9.123336740915646e-05,2.197295904564598e-05,0.0001243855720307,88.52926655967666,94.711918146137,87.18310353108242,0.999992819481928,0.9999984591405316,0.999988995238656,0.94729793595679,0.1525449694260696,0.0499999999999998,0.1278007745742798,0.0602114323449516,15.589268138423945,0.5275979351992744,0.5440853706742517,33
H_LF,7,0.5,0.5,0.0001573084178849,1.8756446359850636e-05,0.0001801555072658,86.16328397665086,95.39929801478353,85.5743281803636,0.9999885035829672,0.9999983796792076,0.9999857515813044,0.9178404706790124,0.321566452149042,0.2000000000000001,0.679021143913269,0.1738415604378203,11.419580365714223,0.3282599784873985,0.3487762271428609,17
H_LF,7,1.0,1.0,0.0002610965816675,1.6964990724041687e-05,0.0002675830563881,83.96279174884265,95.83526734346168,83.85621750838223,0.9999790469299804,0.9999986706624432,0.99997801681626,0.9351890432098764,0.3501258080574546,0.2000000000000001,0.6517772674560547,0.2171453523130468,7.667077846684184,0.1481024614795351,0.166615269164477,9
H_LF,7,2.0,2.0,0.0005057032621694,9.924572776575147e-06,0.0004998710639527,81.0918460569761,98.1636854011985,81.1422236340193,0.9999501115637351,0.9999990640993646,0.9999506173282556,0.8056211419753087,0.8703948715593669,0.7999999999999998,1.2000000000000002,0.6952242473615511,4.174995872319288,0.1650008255361423,0.206251031920178,5
H_LF,15,0.1,0.1,6.0679764988402464e-05,3.9308122019331546e-05,0.000145640050634,90.30036470764384,92.18598065359296,86.49799539616578,0.999994641541612,0.9999970037052192,0.9999874362902887,0.9290726273148148,0.0944461694703159,0.0,0.0637469768524161,0.0107030703195439,10.647576919465372,0.8685484330930201,0.879405288506683,81
H_LF,15,0.25,0.25,9.123336740915646e-05,3.721881180647102e-05,0.0001600941935251,88.52926655967666,92.4231785650438,86.08704780139911,0.999992819481928,0.9999970775775592,0.9999860317710232,0.939375,0.1850522849084881,0.0499999999999998,0.128947377204895,0.0602114323449516,11.14179430682026,0.6623698694902952,0.6830689279118669,33
H_LF,15,0.5,0.5,0.0001573084178849,3.664181700189016e-05,0.0002081441455116,86.16328397665086,92.49103359454828,84.94716160911764,0.9999885035829672,0.9999970297647796,0.9999823714853648,0.9363387345679012,0.3274782097056108,0.2000000000000001,0.2999999999999998,0.1738415604378203,9.209527415732229,0.4582630931922218,0.4869045365167357,17
H_LF,15,1.0,1.0,0.0002610965816675,1.7610467565163405e-05,0.000285013590724,83.96279174884265,95.67309474050282,83.58214791260397,0.9999790469299804,0.999998453863036,0.999976121386725,0.948531539351852,0.3572102910361682,0.2000000000000001,0.5083504676818849,0.2171453523130468,7.116350177053874,0.2092944247717917,0.2354562278682656,9
H_LF,15,2.0,2.0,0.0005057032621694,7.973746718481263e-06,0.0004996168775996,81.0918460569761,99.11417924439073,81.14443259979728,0.9999501115637351,0.999999228666064,0.9999506660367472,0.8725062692901234,0.8464953108695096,0.7999999999999998,1.2000000000000002,0.6952242473615511,4.085153323523849,0.1829693352952303,0.2287116691190378,5
H_COARSE,3,0.1,0.1,6.129598954420846e-05,1.2049070079083943e-05,8.630459816655312e-05,90.256483003103,97.32126830563377,88.77046426043053,0.9999946511958074,0.9999993369284836,0.9999924143500748,0.9473924575617284,0.0511297425930094,0.0,0.0512786865234371,0.0107030703195439,24.61006899685464,0.6961719876931527,0.704874137539317,81
H_COARSE,3,0.25,0.25,9.285272275785092e-05,1.2274004291576564e-05,0.0001066395374153,88.45285717613082,97.24094090069931,87.85162108355405,0.9999927276760276,0.9999991807569488,0.9999911064833475,0.917397762345679,0.134177209876569,0.0499999999999998,0.1504158020019531,0.0602114323449516,20.86901178310056,0.3676057035424073,0.3790933817781076,33
H_COARSE,3,0.5,0.5,0.0001640932859089,1.703892936511928e-05,0.0001793989008914,85.97989549177001,95.81638058314498,85.5926058290803,0.9999878597973686,0.999998914610691,0.9999858346353706,0.8948046875,0.2830340578561,0.2000000000000001,0.7000000000000002,0.1738415604378203,12.471639964076704,0.266374119760194,0.2830225022452061,17
H_COARSE,3,1.0,1.0,0.0002754780864001,1.9104591980945047e-05,0.0002845966917141,83.72993303357151,95.31942594023609,83.58850513533739,0.9999775751151826,0.99999878914535,0.9999764421422142,0.9090041473765432,0.3231065783766396,0.2000000000000001,0.7999999999999998,0.2171453523130468,8.036665267577504,0.1070371924913884,0.120416841552812,9
H_COARSE,3,2.0,2.0,0.0006263690244325,8.898383490512346e-06,0.0006151359279169,80.16250088271778,98.63769242415594,80.24109267496547,0.99993626718289,0.9999993132401612,0.99993730680795,0.9335546875,0.7987841103500563,0.7999999999999998,1.2000000000000002,0.6952242473615511,4.580994673343586,0.0838010653312828,0.1047513316641036,5
H_COARSE,7,0.1,0.1,6.129598954420846e-05,2.288468157200964e-05,0.0001125019932247,90.256483003103,94.53535487035823,87.61920143852888,0.9999946511958074,0.9999983780228228,0.9999898888661528,0.9597646604938272,0.0580386716820212,0.0,0.0460918664932251,0.0107030703195439,14.970901493533376,0.8151740556353904,0.8253637313308329,81
H_COARSE,7,0.25,0.25,9.285272275785092e-05,1.9085234427447863e-05,0.000121568005221,88.45285717613082,95.3238286203096,87.28261070341448,0.9999927276760276,0.9999988278528764,0.9999895309020418,0.9446040702160494,0.1365951015791798,0.0499999999999998,0.128947377204895,0.0602114323449516,15.963675151441414,0.516252268138139,0.5323851515174558,33
H_COARSE,7,0.5,0.5,0.0001640932859089,1.2520264077924975e-05,0.0001769788857379,85.97989549177001,97.15466871739818,85.65158904418281,0.9999878597973686,0.9999990629079356,0.9999863499463582,0.949170524691358,0.2641280373355457,0.2000000000000001,0.252431321144104,0.1738415604378203,11.65769374772886,0.3142533089571259,0.3338941407669462,17
H_COARSE,7,1.0,1.0,0.0002754780864001,1.2752001355851018e-05,0.0002743596184864,83.72993303357151,97.075020106397,83.74760170593586,0.9999775751151826,0.9999991099667443,0.9999774604453217,0.9463392168209876,0.3090766745299882,0.2000000000000001,0.5195260047912598,0.2171453523130468,7.799896977418815,0.1333447802867984,0.1500128778226482,9
H_COARSE,7,2.0,2.0,0.0006263690244325,6.622688630965368e-06,0.0006142401741705,80.16250088271778,99.9204602391439,80.247421429484,0.99993626718289,0.99999943058561,0.9999375533312692,0.9559775270061728,0.7839246213906662,0.7999999999999998,0.9388590812683104,0.6952242473615511,4.455605799929479,0.108878840014104,0.1360985500176302,5
H_COARSE,15,0.1,0.1,6.129598954420846e-05,4.083673750331797e-05,0.0001493497416636,90.256483003103,92.02029322382104,86.38875885144161,0.9999946511958074,0.9999968854760086,0.9999871688918084,0.9307547260802468,0.097140323852927,0.0,0.0624986648559573,0.0107030703195439,10.531688140077565,0.8699791587644745,0.8808538982490305,81
H_COARSE,15,0.25,0.25,9.285272275785092e-05,3.532190921134177e-05,0.0001597938083557,88.45285717613082,92.65036190947052,86.09520413480922,0.9999927276760276,0.9999973609551772,0.9999862910956868,0.9379084683641976,0.1746080709859835,0.0499999999999998,0.128947377204895,0.0602114323449516,11.298765255017994,0.6576131740903639,0.6781635857806877,33
H_COARSE,15,0.5,0.5,0.0001640932859089,3.12330955230348e-05,0.0002077464184953,85.97989549177001,93.18465331426376,84.95546815493029,0.9999878597973686,0.9999976620640942,0.999982678565591,0.9554890046296296,0.2789040873394433,0.2000000000000001,0.2404677152633667,0.1738415604378203,9.347822048472718,0.4501281147957224,0.478261121970455,17
H_COARSE,15,1.0,1.0,0.0002754780864001,1.3234492625123646e-05,0.0002922713327246,83.72993303357151,96.91373064594563,83.47294140960564,0.9999775751151826,0.999998937591925,0.9999755625328648,0.958812210648148,0.3232819311559987,0.2000000000000001,0.4694823741912842,0.2171453523130468,7.094533324164761,0.2117185195372487,0.2381833344794048,9
H_COARSE,15,2.0,2.0,0.0006263690244325,5.826196065006964e-06,0.000615554229832,80.16250088271778,100.47695265314012,80.23814040920904,0.99993626718289,0.99999947525069,0.9999374577489132,0.9650120563271604,0.7844560357880506,0.7999999999999998,0.8807627487182615,0.6952242473615511,4.264426678002619,0.1471146643994763,0.1838933304993452,5
H_MIXED,3,0.1,0.1,6.213981777753008e-05,1.099740561315326e-05,8.566325347567813e-05,90.19710385497862,97.71790117599107,88.80285796064172,0.9999947446318111,0.9999994293387712,0.999992706936152,0.9623119212962964,0.0419440693720925,0.0,0.045462894439697,0.0107030703195439,24.755806215123904,0.6943727627762482,0.7030524223109512,81
H_MIXED,3,0.25,0.25,9.542101692422518e-05,9.69823011718506e-06,0.0001051356684298,88.33436320241879,98.26387876135011,87.91330280669303,0.9999926842698056,0.9999994432010972,0.99999156475816,0.9387630208333332,0.1121742376850909,0.0499999999999998,0.128947377204895,0.0602114323449516,21.003746790903197,0.363522824518085,0.3748829127842752,33
H_MIXED,3,0.5,0.5,0.0001813207723635,1.709414668659453e-05,0.0001926323021111,85.54632800533638,95.80232934504107,85.28351246031875,0.9999866843337856,0.9999990283728648,0.999985110809824,0.9140099344135802,0.243592344256866,0.2000000000000001,0.3258947134017944,0.1738415604378203,12.791918632798236,0.247534198070692,0.2630050854501102,17
H_MIXED,3,1.0,1.0,0.0003049226327961,2.0301334055907195e-05,0.0003119287646313,83.28890699921045,95.0555578334472,83.19024935630878,0.9999752635680232,0.9999988512146448,0.999974424402669,0.936043113425926,0.2913622685975576,0.2000000000000001,0.5894011974334717,0.2171453523130468,8.15882815782624,0.0934635380193066,0.1051464802717199,9
H_MIXED,3,2.0,2.0,0.0008055886330463,6.80948683060655e-06,0.0007915927199816,79.06967031227121,99.79965976566488,79.14578569378949,0.9999176691843163,0.9999994777044386,0.9999191652290396,0.9412630208333334,0.7885695474983504,0.7999999999999998,1.1578948020935058,0.6952242473615511,4.841471156806688,0.0317057686386623,0.0396322107983279,5
H_MIXED,7,0.1,0.1,6.213981777753008e-05,2.2012892711751278e-05,0.0001125899356309,90.19710385497862,94.70403243975476,87.61580790026537,0.9999947446318111,0.9999984756379264,0.9999901313852892,0.9612147955246914,0.0543824206425194,0.0,0.0456357955932618,0.0107030703195439,15.084847367799757,0.8137673164469166,0.8239394079025029,81
H_MIXED,7,0.25,0.25,9.542101692422518e-05,1.67353851990088e-05,0.0001207996531734,88.33436320241879,95.89444647886174,87.31014673479126,0.9999926842698056,0.9999990571888202,0.9999899004457142,0.9544463734567902,0.1206782385372235,0.0499999999999998,0.1223657369613647,0.0602114323449516,16.122359643161595,0.5114436471769214,0.5274262611512002,33
H_MIXED,7,0.5,0.5,0.0001813207723635,8.677107520841245e-06,0.0001880188611749,85.54632800533638,98.74705381899597,85.3887894302268,0.9999866843337856,0.9999994270407674,0.999985909978092,0.9668253279320989,0.231668356410859,0.2000000000000001,0.2250944852828979,0.1738415604378203,11.979879835274314,0.2953011861603345,0.3137575102953554,17
H_MIXED,7,1.0,1.0,0.0003049226327961,9.2961197429277e-06,0.0002975807732767,83.28890699921045,98.44778651656657,83.39475492897134,0.9999752635680232,0.99999942377669,0.9999758497490934,0.9628944830246914,0.2838112881609552,0.2000000000000001,0.4565440440177901,0.2171453523130468,7.950895249340656,0.1165671945177049,0.131138093832418,9
H_MIXED,7,2.0,2.0,0.0008055886330463,5.437844060986295e-06,0.0007909930283949,79.06967031227121,100.7765361153776,79.1490770511099,0.9999176691843163,0.9999995362469484,0.9999193328350312,0.962003761574074,0.7788608444353818,0.7999999999999998,0.906101322174072,0.6952242473615511,4.779939813119358,0.0440120373761283,0.0550150467201604,5
H_MIXED,15,0.1,0.1,6.213981777753008e-05,3.965359136134162e-05,0.0001498866760358,90.19710385497862,92.14797834087403,86.37317332297908,0.9999947446318111,0.9999970702916992,0.9999874503266069,0.9354793595679012,0.0919952431529257,0.0,0.0587190628051752,0.0107030703195439,10.607134478457567,0.8690477224881782,0.8799108190192804,81
H_MIXED,15,0.25,0.25,9.542101692422518e-05,3.3155704806598016e-05,0.000159866017694,88.33436320241879,92.92522096517246,86.09324204166079,0.9999926842698056,0.9999976150450248,0.9999866304766852,0.9439646026234568,0.1596245304041802,0.0499999999999998,0.128947377204895,0.0602114323449516,11.508095734929292,0.6512698262142639,0.6716220082834596,33
H_MIXED,15,0.5,0.5,0.0001813207723635,2.813878418359509e-05,0.0002204656687209,85.54632800533638,93.63775032295226,84.69739390854825,0.9999866843337856,0.9999980239020996,0.9999821126428432,0.963768325617284,0.2530631637827821,0.2000000000000001,0.2292847537994382,0.1738415604378203,9.690778098448428,0.4299542295030336,0.4568263688469732,17
H_MIXED,15,1.0,1.0,0.0003049226327961,1.0356922496837828e-05,0.0003171029839443,83.28890699921045,97.97849634531562,83.11880032103254,0.9999752635680232,0.9999992854202904,0.9999738642616672,0.9652088155864198,0.3021936538297917,0.2000000000000001,0.4521381378173827,0.2171453523130468,7.327362608990973,0.185848599001003,0.2090796738761283,9
H_MIXED,15,2.0,2.0,0.0008055886330463,5.107126940200205e-06,0.0007924548639914,79.06967031227121,101.04903708271164,79.14105825470456,0.9999176691843163,0.9999995482305448,0.999919163977649,0.96936824845679,0.7834398792021401,0.7999999999999998,0.863170051574707,0.6952242473615511,4.663162947285015,0.0673674105429971,0.0842092631787463,5
H_FINE,3,0.1,0.1,6.296386743898583e-05,8.809382402922788e-06,8.307006197552605e-05,90.1398896496312,98.68134898358748,88.93635826391372,0.999995009859193,0.9999995919935312,0.9999933438834148,0.9676707175925926,0.0329870496047606,0.0,0.0440898656845095,0.0107030703195439,24.33659822543507,0.6995481700563572,0.7082925221820616,81
H_FINE,3,0.25,0.25,0.000100842813061,7.032539921048813e-06,0.0001060990352637,88.09435408831183,99.65968154699424,87.87368925897144,0.999992733976132,0.9999996691694972,0.9999920974838769,0.9635908564814816,0.0937687190297662,0.0499999999999998,0.1210526227951049,0.0602114323449516,20.87553607154622,0.3674079978319327,0.3788894977641807,33
H_FINE,3,0.5,0.5,0.0002268133987975,1.0832726754015169e-05,0.0002289950259163,84.57411654333217,97.783425722788,84.53254311892823,0.99998483020301,0.999999446238338,0.9999837634312372,0.8612278163580247,0.2235669159709065,0.2000000000000001,0.2999999999999998,0.1738415604378203,12.835369899765038,0.2449782411902918,0.260289381264685,17
H_FINE,3,1.0,1.0,0.0003717947438427,1.00144296047755e-05,0.0003644029841246,82.42777115120606,98.12454142790295,82.51498436080757,0.999971711071691,0.9999994576765572,0.9999723172744516,0.972632137345679,0.2655658644505331,0.2000000000000001,0.4326469898223877,0.2171453523130468,8.044496565674685,0.1061670482583684,0.1194379292906644,9
H_FINE,3,2.0,2.0,0.0010362264793146,6.309584779117321e-06,0.0010231152443007,77.97625674988507,100.13079580715932,78.03155805215405,0.9999011494999368,0.9999995143488288,0.9999025892731696,0.931773726851852,0.8040763865335445,0.7999999999999998,1.2000000000000002,0.6952242473615511,4.897311178344758,0.0205377643310484,0.0256722054138104,5
H_FINE,7,0.1,0.1,6.296386743898583e-05,2.086482472417971e-05,0.0001121711047185,90.1398896496312,94.9366562011356,87.63199363818258,0.999995009859193,0.999998604570945,0.9999906300478456,0.9657634066358024,0.0477467605274523,0.0,0.0445166587829592,0.0107030703195439,14.794751761870554,0.8173487436806104,0.8275656029766181,81
H_FINE,7,0.25,0.25,0.000100842813061,1.4509453498628705e-05,0.0001229231850351,88.09435408831183,96.51429305907752,87.23446556230678,0.999992733976132,0.9999992647200122,0.9999903796222922,0.9716329089506172,0.1052370983205791,0.0499999999999998,0.1210526227951049,0.0602114323449516,16.091156202759784,0.5123892059769762,0.5284013686637568,33
H_FINE,7,0.5,0.5,0.0002268133987975,6.4959367367716845e-06,0.0002290160421235,84.57411654333217,100.00438574161385,84.53214455987839,0.99998483020301,0.9999996076377612,0.999984554684378,0.9762678433641976,0.2172621502966011,0.2000000000000001,0.2112481594085686,0.1738415604378203,12.002270468595231,0.2939840900826335,0.312358095712798,17
H_FINE,7,1.0,1.0,0.0003717947438427,7.343416279674352e-06,0.0003597182729849,82.42777115120606,99.47182212907788,82.57117861178541,0.999971711071691,0.9999995801662168,0.9999728587229676,0.9761930941358024,0.2699624573571862,0.2000000000000001,0.43072452545166,0.2171453523130468,7.879539720266289,0.124495586637079,0.1400575349667139,9
H_FINE,7,2.0,2.0,0.0010362264793146,4.998676137022371e-06,0.0010226554018778,77.97625674988507,101.1422536103478,78.03351044139723,0.9999011494999368,0.9999995775191096,0.999902661096428,0.9562601273148148,0.7915071448136944,0.7999999999999998,0.936244578361504,0.6952242473615511,4.84894475265331,0.030211049469338,0.0377638118366726,5
H_FINE,15,0.1,0.1,6.296386743898583e-05,3.7733594605314434e-05,0.000148052827791,90.1398896496312,92.36352181617292,86.42663654091373,0.999995009859193,0.9999973565395316,0.999988230778023,0.9483251350308642,0.0810942938339735,0.0,0.0511475563049321,0.0107030703195439,10.520920069526642,0.8701120979070784,0.8809884991309168,81
H_FINE,15,0.25,0.25,0.000100842813061,3.07455706306709e-05,0.0001615874507652,88.09435408831183,93.25297803007432,86.04672731378797,0.999992733976132,0.9999979492312244,0.9999873042079024,0.9579123263888888,0.1406637048189161,0.0499999999999998,0.1210526227951049,0.0602114323449516,11.658164757353676,0.6467222800801916,0.6669323513326975,33
H_FINE,15,0.5,0.5,0.0002268133987975,2.6406946100892438e-05,0.0002623614505364,84.57411654333217,93.91362181857842,83.94180337516381,0.99998483020301,0.9999982312072584,0.999980737748162,0.9682899305555556,0.2429071031583829,0.2000000000000001,0.2249645471572876,0.1738415604378203,9.78183863385506,0.4245977274202905,0.4511350853840588,17
H_FINE,15,1.0,1.0,0.0003717947438427,8.409507388167797e-06,0.0003790248501621,82.42777115120606,98.88309804412016,82.34412676138646,0.999971711071691,0.9999994950264148,0.9999708993093568,0.9710112847222222,0.2906379592671212,0.2000000000000001,0.4422840118408202,0.2171453523130468,7.347878055429733,0.1835691049522518,0.2065152430712833,9
H_FINE,15,2.0,2.0,0.0010362264793146,4.456728926680104e-06,0.0010243399514151,77.97625674988507,101.64064141237014,78.02636249421201,0.9999011494999368,0.9999996085699948,0.9999024817750184,0.9627498070987656,0.7985712909094683,0.7999999999999998,0.8916239738464355,0.6952242473615511,4.75654853047304,0.0486902939053919,0.0608628673817398,5
P_LF,3,0.1,0.1,8.996064011427299e-05,1.922530153452843e-05,0.0001280820503137,88.5902782387413,95.292072007557,87.05592089795219,0.9999909036308832,0.999998820206098,0.9999873592161728,0.9481746720679012,0.0579805114082105,0.0,0.0511475563049321,0.0107030703195439,25.08766405533001,0.6902757524033332,0.6989041993083749,81
P_LF,3,0.25,0.25,0.0001240579270488,2.090620091421044e-05,0.0001545503030916,87.19455840840176,94.92805241101313,86.2401049976419,0.9999886522228848,0.9999985511105278,0.9999852910289516,0.8885894097222222,0.1506339443697438,0.0499999999999998,0.3421051979064942,0.0602114323449516,20.496606982778083,0.3788906974915732,0.3907310317881849,33
P_LF,3,0.5,0.5,0.000203610309657,3.76198245151902e-05,0.0002523086306676,85.04280596467399,92.37663595497844,84.11148254277327,0.9999826498508728,0.9999971586052994,0.9999770273480076,0.7355362654320987,0.3438391397651023,0.2000000000000001,0.7000000000000002,0.1738415604378203,11.75964520806962,0.3082561642311988,0.3275221744956488,17
P_LF,3,1.0,1.0,0.000326234179707,4.385970919563495e-05,0.0003705886363885,82.99550900544673,91.71014613032784,82.44188262747971,0.999970897676706,0.9999968350054896,0.9999663153512504,0.840727237654321,0.3712610909160486,0.2000000000000001,0.7999999999999998,0.2171453523130468,7.46164272817286,0.170928585758571,0.1922946589783926,9
P_LF,3,2.0,2.0,0.0011549252542817,9.95012820535808e-06,0.0011458853213635,77.50526482876465,98.15251684290942,77.53939204659814,0.9998680903886756,0.999999227466043,0.9998690066302256,0.937047164351852,0.7924081155002094,0.7999999999999998,1.1578948020935058,0.6952242473615511,4.038729257728739,0.1922541484542522,0.2403176855678153,5
P_LF,7,0.1,0.1,8.996064011427299e-05,3.057264428294091e-05,0.0001548880546699,88.5902782387413,93.2774735760715,86.23062435626339,0.9999909036308832,0.9999977924881308,0.999984748533912,0.957436824845679,0.0640600480614402,0.0,0.0469522476196289,0.0107030703195439,15.488525906910336,0.8087836307788847,0.8188934261636209,81
P_LF,7,0.25,0.25,0.0001240579270488,2.684013161071866e-05,0.0001671191143118,87.19455840840176,93.84295719800583,85.90054235538048,0.9999886522228848,0.99999826498631,0.9999839993148708,0.9307585841049384,0.1439548654547997,0.0499999999999998,0.128947377204895,0.0602114323449516,15.872127200920657,0.5190264484569498,0.5352460249712294,33
P_LF,7,0.5,0.5,0.000203610309657,2.904175075499037e-05,0.0002440655101183,85.04280596467399,93.50057567010904,84.25573949019635,0.9999826498508728,0.99999773098755,0.9999782363999729,0.8216203703703704,0.3118757855967193,0.2000000000000001,0.7000000000000002,0.1738415604378203,11.077379575431422,0.3483894367393281,0.3701637765355361,17
P_LF,7,1.0,1.0,0.000326234179707,2.822509186067127e-05,0.0003481828636529,82.99550900544673,93.6244499682475,82.71272968021353,0.999970897676706,0.999997974653884,0.9999685646470914,0.8979624807098765,0.3403224577747535,0.2000000000000001,0.7999999999999998,0.2171453523130468,7.341217062429771,0.1843092152855809,0.2073478671962786,9
P_LF,7,2.0,2.0,0.0011549252542817,7.921438625095942e-06,0.0011456212334809,77.50526482876465,99.14276299202282,77.54039306412012,0.9998680903886756,0.9999993228648226,0.99986911634806,0.9580753279320988,0.7794747665620879,0.7999999999999998,0.9197862625122072,0.6952242473615511,4.033459023664928,0.1933081952670143,0.2416352440837678,5
P_LF,15,0.1,0.1,8.996064011427299e-05,5.140391470908122e-05,0.0001966438996703,88.5902782387413,91.02084166545536,85.19399882690648,0.9999909036308832,0.9999958788459696,0.9999813376607676,0.927686149691358,0.1033491558318858,0.0,0.0677082061767573,0.0107030703195439,10.99908144265303,0.8642088710783576,0.8750114819668372,81
P_LF,15,0.25,0.25,0.0001240579270488,4.438789020446724e-05,0.0002079038705159,87.19455840840176,91.65815857751376,84.95217786264291,0.9999886522228848,0.9999965157497884,0.9999803552292088,0.9316811342592592,0.1756006163794594,0.0499999999999998,0.128947377204895,0.0602114323449516,11.582714493294564,0.6490086517183465,0.669290172084545,33
P_LF,15,0.5,0.5,0.000203610309657,4.09487879040928e-05,0.0002658774844533,85.04280596467399,92.00839309822874,83.88398799736764,0.9999826498508728,0.999996691410314,0.9999752870651014,0.9443431712962964,0.2869227455662685,0.2000000000000001,0.2654119968414307,0.1738415604378203,9.038597505487235,0.4683177937948684,0.4975876559070477,17
P_LF,15,1.0,1.0,0.000326234179707,2.014068020150901e-05,0.0003540009796401,82.99550900544673,95.09006227183896,82.64075897001065,0.999970897676706,0.999998245718207,0.9999675258115208,0.9544709683641976,0.3246905088195811,0.2000000000000001,0.4812929558753965,0.2171453523130468,6.853046093591329,0.2385504340454078,0.2683692383010839,9
P_LF,15,2.0,2.0,0.0011549252542817,7.388732943410881e-06,0.0011489269988299,77.50526482876465,99.44510391060936,77.52787925750152,0.9998680903886756,0.999999311075764,0.9998686981026808,0.967869888117284,0.7791904933457954,0.7999999999999998,0.8578335666656469,0.6952242473615511,4.022222441267569,0.1955555117464861,0.2444443896831077,5
P_COARSE,3,0.1,0.1,9.11228652488548e-05,1.4266489168499108e-05,0.0001218652121282,88.53452993714743,96.58763249865586,87.27200612074144,0.9999915461060148,0.9999992559118748,0.9999889088178469,0.95620418595679,0.0454793321783136,0.0,0.0474733352661131,0.0107030703195439,25.001224903983417,0.6913429024199578,0.6999846887002072,81
P_COARSE,3,0.25,0.25,0.0001337586270419,1.3749457212399814e-05,0.0001513884401641,86.867585585419,96.74794807015266,86.32987646632346,0.999988615406474,0.9999992720793472,0.9999868558120496,0.895333236882716,0.1177860239116566,0.0499999999999998,0.179021143913269,0.0602114323449516,20.69890908104241,0.3727603308775027,0.3844090912174246,33
P_COARSE,3,0.5,0.5,0.0002702408413023,1.5791138487563036e-05,0.0002846280049663,83.81329376611714,96.14666918570684,83.58802732147046,0.9999772460738507,0.9999991581172752,0.9999752486912794,0.8316068672839506,0.2388722018085971,0.2000000000000001,0.2999999999999998,0.1738415604378203,12.580011355228972,0.2599993320453545,0.2762492902981893,17
P_COARSE,3,1.0,1.0,0.0004574075732315,1.3353829375017576e-05,0.0004553535787444,81.52777009986218,96.87474538016556,81.54731606707244,0.9999592045321624,0.9999992827414452,0.9999592741178648,0.9648451967592592,0.2740234363356673,0.2000000000000001,0.451873588562012,0.2171453523130468,8.069382054680496,0.1034019939243893,0.1163272431649381,9
P_COARSE,3,2.0,2.0,0.0021162652126185,9.960261587169846e-06,0.0020905689509377,74.87510267845411,98.14809616382708,74.92815864887744,0.9997723564114764,0.9999992150937396,0.999775089224886,0.8990128279320988,0.8097598891561366,0.7999999999999998,1.2000000000000002,0.6952242473615511,4.728944262087307,0.0542111475825386,0.0677639344781735,5
P_COARSE,7,0.1,0.1,9.11228652488548e-05,2.6177710074858528e-05,0.0001500729636632,88.53452993714743,93.9514870739837,86.36777901732435,0.9999915461060148,0.9999982402993456,0.9999862470072012,0.9608497299382716,0.0565654195693886,0.0,0.0457151070237154,0.0107030703195439,15.286617869503845,0.811276322598718,0.821417276631202,81
P_COARSE,7,0.25,0.25,0.0001337586270419,1.997039118103912e-05,0.000165308587295,86.867585585419,95.12693788931468,85.94784946389038,0.999988615406474,0.999998887120735,0.999985344755744,0.9439231288580248,0.1188552670230456,0.0499999999999998,0.128947377204895,0.0602114323449516,15.937610581615392,0.5170421035874123,0.5331996693245189,33
P_COARSE,7,0.5,0.5,0.0002702408413023,1.073224211425181e-05,0.0002799962266761,83.81329376611714,97.82389899281586,83.65928182185547,0.9999772460738507,0.9999993384585684,0.9999761857776022,0.94315731095679,0.2290298111657658,0.2000000000000001,0.2691790580749511,0.1738415604378203,11.809534074411175,0.3053215250346366,0.3244041203493014,17
P_COARSE,7,1.0,1.0,0.0004574075732315,9.619159590980756e-06,0.0004502761153109,81.52777009986218,98.29943230716084,81.59601450244692,0.9999592045321624,0.9999994305548576,0.999959813289332,0.972169174382716,0.2754101119418161,0.2000000000000001,0.4327315330505372,0.2171453523130468,7.849596990925377,0.127822556563847,0.1438003761343277,9
P_COARSE,7,2.0,2.0,0.0021162652126185,7.849501992315946e-06,0.0020938406681407,74.87510267845411,99.18238256842396,74.92136730124899,0.9997723564114764,0.9999993251934464,0.9997748151568748,0.936240837191358,0.7932679367329232,0.7999999999999998,1.2000000000000002,0.6952242473615511,4.6384049022459255,0.0723190195508148,0.0903987744385186,5
P_COARSE,15,0.1,0.1,9.11228652488548e-05,4.7413813262006656e-05,0.0001936568450909,88.53452993714743,91.37175475954976,85.26047508486245,0.9999915461060148,0.9999965426354008,0.9999830123062278,0.9350313464506173,0.0945010416611116,0.0,0.0594100713729856,0.0107030703195439,10.60975034848946,0.8690154277964264,0.8798781206438816,81
P_COARSE,15,0.25,0.25,0.0001337586270419,3.882805275742789e-05,0.0002096586135787,86.867585585419,92.2393474981991,84.91567651281406,0.999988615406474,0.99999721575985,0.9999815599050984,0.9450163966049384,0.1504812948903798,0.0499999999999998,0.128947377204895,0.0602114323449516,11.44238476904115,0.6532610676048136,0.6736754759674641,33
P_COARSE,15,0.5,0.5,0.0002702408413023,3.141557775630015e-05,0.0003154171453297,83.81329376611714,93.15935309737624,83.14195064012898,0.9999772460738507,0.9999978027432356,0.9999721250111115,0.9650192901234568,0.2458615730932447,0.2000000000000001,0.2263792037963867,0.1738415604378203,9.500063154631356,0.4411727556099202,0.4687460528355401,17
P_COARSE,15,1.0,1.0,0.0004574075732315,1.1622209616910858e-05,0.0004723924950991,81.52777009986218,97.47791656806392,81.38777371509279,0.9999592045321624,0.9999992274443856,0.999957522039536,0.9709346064814814,0.2927761998950428,0.2000000000000001,0.4414461135864256,0.2171453523130468,7.198253149563463,0.2001940944929485,0.225218356304567,9
P_COARSE,15,2.0,2.0,0.0021162652126185,6.7659844695835765e-06,0.0021053550376546,74.87510267845411,99.8274936427996,74.8975501704181,0.9997723564114764,0.999999383335307,0.9997735865516516,0.9680936535493828,0.7876478844276547,0.7999999999999998,0.8717208862304684,0.6952242473615511,4.459426647513325,0.1081146704973349,0.1351433381216688,5
P_MIXED,3,0.1,0.1,9.495459152599134e-05,1.147025546408462e-05,0.000120680372144,88.35564390992461,97.53507270306942,87.3144372012179,0.999992229116726,0.999999486403882,0.9999901973013208,0.9549348958333334,0.0362723286561888,0.0,0.0477005386352542,0.0107030703195439,24.646292606683225,0.6957247826335404,0.7044213424164598,81
P_MIXED,3,0.25,0.25,0.0001537631245969,1.18232275486186e-05,0.0001670644813186,86.26228165221887,97.40344312815382,85.90196234176153,0.999988585423538,0.99999947851928,0.9999873798338674,0.8827811535493827,0.1050567383295346,0.0499999999999998,0.2000000000000001,0.0602114323449516,20.70396209049137,0.3726072093790495,0.3842511846721448,33
P_MIXED,3,0.5,0.5,0.0004080758578382,9.62689230161986e-06,0.0004109886965784,82.023394586155,98.29594247583316,81.992504832281,0.9999693136561016,0.9999995672610386,0.9999687119310476,0.948056037808642,0.2118205065148797,0.2000000000000001,0.254720115661621,0.1738415604378203,13.088239155897384,0.2301035790648598,0.2444850527564134,17
P_MIXED,3,1.0,1.0,0.0006637110151908,1.0191142946537351e-05,0.0006571752939158,79.91101335455954,98.04857467583884,79.95399132820828,0.9999474628648616,0.9999994766199036,0.9999479068027488,0.9730796682098766,0.2629868757222012,0.2000000000000001,0.4315790176391602,0.2171453523130468,8.198678559481303,0.0890357156131885,0.1001651800648371,9
P_MIXED,3,2.0,2.0,0.0026284849583302,7.893475627357033e-06,0.0025992041027053,73.93374864783713,99.1581208853091,73.9823997701971,0.9997560135747056,0.99999939843229,0.9997588880217948,0.913569637345679,0.8098433107319165,0.7999999999999998,1.2000000000000002,0.6952242473615511,4.936249157998333,0.0127501684003334,0.0159377105004169,5
P_MIXED,7,0.1,0.1,9.495459152599134e-05,2.453068305445828e-05,0.0001525040019626,88.35564390992461,94.23370719606,86.29799120414624,0.999992229116726,0.9999984375812614,0.9999873404829762,0.9639723186728396,0.0492480744437021,0.0,0.0449148535728453,0.0107030703195439,15.419168453613796,0.8096398956343975,0.8197603943298276,81
P_MIXED,7,0.25,0.25,0.0001537631245969,1.6821036374802964e-05,0.0001805044473231,86.26228165221887,95.8722761090469,85.56592454215598,0.999988585423538,0.999999154179735,0.999985948320146,0.9592033179012346,0.1042232010564547,0.0499999999999998,0.1210526227951049,0.0602114323449516,16.11934608018116,0.5115349672672376,0.5275204349943388,33
P_MIXED,7,0.5,0.5,0.0004080758578382,7.145178080286793e-06,0.0004134885915434,82.023394586155,99.5906730362306,81.96616829320482,0.9999693136561016,0.9999996066769306,0.9999688107492144,0.9787808641975309,0.2130189680443367,0.2000000000000001,0.2101499557495117,0.1738415604378203,12.408526287936173,0.270086688944931,0.2869671070039892,17
P_MIXED,7,1.0,1.0,0.0006637110151908,8.181394103063308e-06,0.0006543231777081,79.91101335455954,99.002530474557,79.97288056537036,0.9999474628648616,0.9999995434138472,0.9999482869101924,0.976955536265432,0.2669964230713473,0.2000000000000001,0.4260512828826904,0.2171453523130468,7.999176339609521,0.1112026289322754,0.1251029575488098,9
P_MIXED,7,2.0,2.0,0.0026284849583302,6.113035940219503e-06,0.0026090489848997,73.93374864783713,100.26823411733926,73.96598127811407,0.9997560135747056,0.999999488450844,0.9997580515428504,0.9487866512345678,0.7951314195346957,0.7999999999999998,1.0156739234924317,0.6952242473615511,4.9112013222874165,0.0177597355425167,0.0221996694281459,5
P_MIXED,15,0.1,0.1,9.495459152599134e-05,4.440769689978836e-05,0.000193929290856,88.35564390992461,91.65622110766736,85.2543695149818,0.999992229116726,0.9999969645921984,0.9999845140892636,0.9461983989197532,0.080141148594322,0.0,0.0518312740325922,0.0107030703195439,11.15801715401058,0.8622467018023385,0.8730247855748677,81
P_MIXED,15,0.25,0.25,0.0001537631245969,3.48548082993583e-05,0.000224208547875,86.26228165221887,92.70817662398449,84.62428194963115,0.999988585423538,0.999997697881472,0.9999824571900618,0.9540432098765432,0.1299504669166709,0.0499999999999998,0.1223657369613647,0.0602114323449516,11.953975088450504,0.637758330653015,0.6576882784859217,33
P_MIXED,15,0.5,0.5,0.0004080758578382,2.7944069015206167e-05,0.0004498377373186,82.023394586155,93.66790715632888,81.60024474859932,0.9999693136561016,0.9999982024358276,0.999964827466274,0.9706925154320988,0.2349186507721969,0.2000000000000001,0.221033191680908,0.1738415604378203,10.289454471855468,0.394737972243796,0.4194090955090332,17
P_MIXED,15,1.0,1.0,0.0006637110151908,1.0247244357803064e-05,0.0006750004602612,79.91101335455954,98.02473268266328,79.83776291905227,0.9999474628648616,0.9999993624498756,0.999946227180946,0.9716763117283952,0.287485411160619,0.2000000000000001,0.4403147220611572,0.2171453523130468,7.543202839466074,0.1618663511704361,0.1820996450667407,9
P_MIXED,15,2.0,2.0,0.0026284849583302,5.367080468912736e-06,0.0026175262723311,73.93374864783713,100.8334225413262,73.95189311444943,0.9997560135747056,0.999999524656794,0.999757234907374,0.9637991898148148,0.7977503665238678,0.7999999999999998,0.887998390197754,0.6952242473615511,4.858170128897688,0.0283659742204622,0.0354574677755778,5
P_FINE,3,0.1,0.1,0.0001038442786904,9.561160704912645e-06,0.0001256605116278,87.96697786829812,98.32569742949568,87.13881537250572,0.9999933543661907,0.9999996296006198,0.999991813850503,0.942301311728395,0.0291542054482449,0.0,0.0538089466094965,0.0107030703195439,23.946373620677264,0.7043657577694165,0.7131703297415342,81
P_FINE,3,0.25,0.25,0.0002038421073456,6.682081525815319e-06,0.0002067034972512,85.0378646039792,99.88168590853476,84.97732536277111,0.9999889751799952,0.9999997477826088,0.9999887067994684,0.9598717206790124,0.0842915629753449,0.0499999999999998,0.1210526227951049,0.0602114323449516,21.11709368405002,0.3600880701803024,0.371340822373437,33
P_FINE,3,0.5,0.5,0.0007719130005423,6.55967276692886e-06,0.000769162937314,79.25512005497876,99.96198185983376,79.27062011598667,0.9999579871955036,0.9999997124529988,0.9999579749422474,0.98086612654321,0.2006347943846682,0.2000000000000001,0.205601501464844,0.1738415604378203,12.994187293551256,0.2356360415558084,0.2503632941530465,17
P_FINE,3,1.0,1.0,0.0010891157928915,9.108336674648148e-06,0.001079350053659,77.7600630522558,98.53641285648617,77.7991804341639,0.9999361037634272,0.9999995241383112,0.9999368800241464,0.9756471836419752,0.2629271123693545,0.2000000000000001,0.4278422355651856,0.2171453523130468,8.02703610205321,0.1081070997718656,0.1216204872433487,9
P_FINE,3,2.0,2.0,0.0029477928782066,5.938279548158716e-06,0.002936337517565,73.43583395592702,100.39419722447045,73.45274386738558,0.9997957681228196,0.9999995493954392,0.999796995303426,0.9562741126543208,0.8126624615670324,0.7999999999999998,0.9447064399719238,0.6952242473615511,4.899350077967295,0.020129984406541,0.0251624805081762,5
P_FINE,7,0.1,0.1,0.0001038442786904,2.137155333043529e-05,0.0001560455813506,87.96697786829812,94.8324427210018,86.19828885349358,0.9999933543661907,0.999998749778024,0.9999893235515208,0.9674498456790124,0.0396950493755366,0.0,0.0441336154937745,0.0107030703195439,15.218839056289683,0.8121130980704977,0.8222645117963789,81
P_FINE,7,0.25,0.25,0.0002038421073456,1.4175568215518378e-05,0.0002256426138697,85.0378646039792,96.61539884631485,84.59659238868733,0.9999889751799952,0.9999993580141516,0.9999869956078444,0.9778414351851852,0.0935804511246249,0.0499999999999998,0.1210526227951049,0.0602114323449516,16.64451257364169,0.4956208311017669,0.5111089820736971,33
P_FINE,7,0.5,0.5,0.0007719130005423,5.806719078353329e-06,0.0007754812924171,79.25512005497876,100.49149544938274,79.23509035440412,0.9999579871955036,0.999999709858064,0.9999577014344596,0.985466338734568,0.207458704649993,0.2000000000000001,0.2053352355957027,0.1738415604378203,12.464226684520732,0.2668101950281921,0.2834858322174541,17
P_FINE,7,1.0,1.0,0.0010891157928915,7.137627217170319e-06,0.0010767621096963,77.7600630522558,99.59526498917306,77.80960596156774,0.9999361037634272,0.9999996097883646,0.999937284742006,0.9764641203703704,0.2705823883016953,0.2000000000000001,0.4301170992851224,0.2171453523130468,7.874769639444763,0.1250255956172485,0.1406537950694046,9
P_FINE,7,2.0,2.0,0.0029477928782066,4.685828966954171e-06,0.0029352827787693,73.43583395592702,101.4229392809301,73.4543041428143,0.9997957681228196,0.9999996002364492,0.9997971986060544,0.9609360532407408,0.8120406508789352,0.7999999999999998,0.91283016204834,0.6952242473615511,4.8543758149933485,0.0291248370013302,0.036406046251663,5
P_FINE,15,0.1,0.1,0.0001038442786904,3.850064762759111e-05,0.0001935798547872,87.96697786829812,92.2761232593802,85.26220201128667,0.9999933543661907,0.999997610706668,0.9999870527957042,0.9614949845679012,0.0529348963690199,0.0,0.0459059715270994,0.0107030703195439,11.28147729472873,0.8607225025342132,0.871481533815891,81
P_FINE,15,0.25,0.25,0.0002038421073456,3.079637672987316e-05,0.0002672520515109,85.0378646039792,93.2458073718519,83.86159313193008,0.9999889751799952,0.9999981627724784,0.9999840036091466,0.9688671875,0.1140957738227733,0.0499999999999998,0.1210526227951049,0.0602114323449516,12.830952675359804,0.6111832522618241,0.6302827288950061,33
P_FINE,15,0.5,0.5,0.0007719130005423,2.516308473365465e-05,0.00081144042554,79.25512005497876,94.12316480824197,79.03823720635363,0.9999579871955036,0.9999984805082324,0.9999540934676976,0.9732566550925926,0.233597343628304,0.2000000000000001,0.2197763442993163,0.1738415604378203,10.751451063010723,0.3675617021758398,0.3905343085618298,17
P_FINE,15,1.0,1.0,0.0010891157928915,8.74410436197973e-06,0.001098632127372,77.7600630522558,98.71365028536346,77.72228065894592,0.9999361037634272,0.9999994942692758,0.999935192940192,0.9694102044753088,0.2951631836656667,0.2000000000000001,0.446536922454834,0.2171453523130468,7.528334375196526,0.1635184027559415,0.1839582031004341,9
P_FINE,15,2.0,2.0,0.0029477928782066,4.270108234324434e-06,0.0029366990272218,73.43583395592702,101.82641477652226,73.45220921500233,0.9997957681228196,0.9999996251657146,0.999797034194132,0.9597164351851852,0.82505953502904,0.7999999999999998,0.9249305295944114,0.6952242473615511,4.7800188142015845,0.0439962371596831,0.0549952964496039,5
