condition,window,metric,n_increasing_steps,n_decreasing_steps,n_total_steps,spearman_rho_vs_delta,status,reversal_fraction,max_step_magnitude,overall_range
H_LF,3,total_mse,205,114,319,0.9690427885037939,mostly_monotonic_local_reversals,0.3573667711598746,2.5666134816199987e-05,0.0007120911685317385
H_LF,3,sampling_mse,209,110,319,0.9688626109629978,mostly_monotonic_local_reversals,0.3448275862068966,2.3948319743499996e-05,0.0007448621217573546
H_LF,3,fusion_mse,145,174,319,-0.543451352063985,weakly_monotonic_trend,0.45454545454545453,7.628280546129e-06,1.3042969175829324e-05
H_LF,3,focus_index_agreement,190,129,319,-0.316977704860399,non_monotonic,0.4043887147335423,0.5307142168209877,0.809782986111111
H_LF,3,axial_error_kF_mean,219,100,319,0.9798318342952569,mostly_monotonic_local_reversals,0.31347962382445144,0.0903063139303916,1.0066179636485568
H_LF,7,total_mse,206,113,319,0.970394852488794,mostly_monotonic_local_reversals,0.3542319749216301,3.269630946590001e-05,0.0006825724482925
H_LF,7,sampling_mse,209,110,319,0.9688626109629978,mostly_monotonic_local_reversals,0.3448275862068966,2.3948319743499996e-05,0.0007448621217573546
H_LF,7,fusion_mse,141,178,319,-0.885220680866024,weakly_monotonic_trend,0.44200626959247646,9.598958663076096e-06,1.847823539516765e-05
H_LF,7,focus_index_agreement,180,139,319,-0.5050424076406996,weakly_monotonic_trend,0.43573667711598746,0.5703477044753087,0.8378520447530866
H_LF,7,axial_error_kF_mean,226,93,319,0.9799530512993292,mostly_monotonic_local_reversals,0.29153605015673983,0.0797254602998086,0.978062216014308
H_LF,15,total_mse,213,106,319,0.9694459906835028,mostly_monotonic_local_reversals,0.3322884012539185,5.4488052684900006e-05,0.0006497451291269
H_LF,15,sampling_mse,209,110,319,0.9688626109629978,mostly_monotonic_local_reversals,0.3448275862068966,2.3948319743499996e-05,0.0007448621217573546
H_LF,15,fusion_mse,163,156,319,-0.9339931298157209,mostly_monotonic_local_reversals,0.4890282131661442,1.4409291886145717e-05,3.985048221525466e-05
H_LF,15,focus_index_agreement,169,150,319,-0.40555239848098046,non_monotonic,0.4702194357366771,0.5576639660493827,0.8397627314814815
H_LF,15,axial_error_kF_mean,214,105,319,0.9787031611636832,mostly_monotonic_local_reversals,0.329153605015674,0.0674359970906554,0.9407311321754225
H_COARSE,3,total_mse,203,116,319,0.9727400902352563,mostly_monotonic_local_reversals,0.36363636363636365,2.2625623200700024e-05,0.0008661642196899668
H_COARSE,3,sampling_mse,209,110,319,0.9732623121319545,mostly_monotonic_local_reversals,0.3448275862068966,2.6829562327299983e-05,0.0009040013392262144
H_COARSE,3,fusion_mse,151,168,319,-0.7588506723698474,weakly_monotonic_trend,0.47335423197492166,4.524172759455829e-06,1.7028739339376024e-05
H_COARSE,3,focus_index_agreement,159,160,319,0.17280820613482553,non_monotonic,0.49843260188087773,0.5503578317901234,0.8225086805555556
H_COARSE,3,axial_error_kF_mean,216,103,319,0.9801409193449154,mostly_monotonic_local_reversals,0.322884012539185,0.0678297270195553,0.954130870630519
H_COARSE,7,total_mse,204,115,319,0.9741540444730905,mostly_monotonic_local_reversals,0.3605015673981191,2.6876274685999998e-05,0.0008366358047643
H_COARSE,7,sampling_mse,209,110,319,0.9732623121319545,mostly_monotonic_local_reversals,0.3448275862068966,2.6829562327299983e-05,0.0009040013392262144
H_COARSE,7,fusion_mse,152,167,319,-0.9334851902850614,mostly_monotonic_local_reversals,0.47648902821316613,6.353430900033535e-06,2.2204779486133896e-05
H_COARSE,7,focus_index_agreement,157,162,319,-0.18673920644420494,non_monotonic,0.49216300940438873,0.583292824074074,0.8398124035493828
H_COARSE,7,axial_error_kF_mean,216,103,319,0.9812640992587818,mostly_monotonic_local_reversals,0.322884012539185,0.05932251989931611,0.9385432098115551
H_COARSE,15,total_mse,207,112,319,0.974080801570328,mostly_monotonic_local_reversals,0.3510971786833856,4.779554335019998e-05,0.0008023793796037
H_COARSE,15,sampling_mse,209,110,319,0.9732623121319545,mostly_monotonic_local_reversals,0.3448275862068966,2.6829562327299983e-05,0.0009040013392262144
H_COARSE,15,fusion_mse,168,151,319,-0.9231110655377494,mostly_monotonic_local_reversals,0.47335423197492166,1.0430065778733355e-05,4.034466570081557e-05
H_COARSE,15,focus_index_agreement,168,151,319,0.0809971288782117,non_monotonic,0.47335423197492166,0.6334143518518518,0.8489964313271605
H_COARSE,15,axial_error_kF_mean,206,113,319,0.9820902792019455,mostly_monotonic_local_reversals,0.3542319749216301,0.05537684061493289,0.9124229492973474
H_MIXED,3,total_mse,202,117,319,0.9750106202209006,mostly_monotonic_local_reversals,0.3667711598746082,2.6153520103400023e-05,0.0010559454948554476
H_MIXED,3,sampling_mse,207,112,319,0.9750622564673485,mostly_monotonic_local_reversals,0.3510971786833856,2.970086789410003e-05,0.0010939743072229907
H_MIXED,3,fusion_mse,165,154,319,-0.803815589019424,weakly_monotonic_trend,0.4827586206896552,4.091649935962166e-06,1.9267463147414257e-05
H_MIXED,3,focus_index_agreement,158,161,319,-0.012516113438607798,non_monotonic,0.4952978056426332,0.5610898919753087,0.8346836419753088
H_MIXED,3,axial_error_kF_mean,213,106,319,0.9817288254768114,mostly_monotonic_local_reversals,0.3322884012539185,0.0580692741463385,0.9650885222269638
H_MIXED,7,total_mse,199,120,319,0.975787727419213,mostly_monotonic_local_reversals,0.3761755485893417,2.6312344032699994e-05,0.0010264631095167
H_MIXED,7,sampling_mse,207,112,319,0.9750622564673485,mostly_monotonic_local_reversals,0.3510971786833856,2.970086789410003e-05,0.0010939743072229907
H_MIXED,7,fusion_mse,147,172,319,-0.935486186388539,mostly_monotonic_local_reversals,0.4608150470219436,5.356788462659692e-06,2.1508749703850925e-05
H_MIXED,7,focus_index_agreement,156,163,319,-0.42375340579497844,non_monotonic,0.4890282131661442,0.6343571566358026,0.8453096064814816
H_MIXED,7,axial_error_kF_mean,214,105,319,0.9829204875047608,mostly_monotonic_local_reversals,0.329153605015674,0.049806884576510085,0.9536558293148486
H_MIXED,15,total_mse,209,110,319,0.9760382181466616,mostly_monotonic_local_reversals,0.3448275862068966,4.782244979519999e-05,0.0009937326926987
H_MIXED,15,sampling_mse,207,112,319,0.9750622564673485,mostly_monotonic_local_reversals,0.3510971786833856,2.970086789410003e-05,0.0010939743072229907
H_MIXED,15,fusion_mse,159,160,319,-0.9186637564819968,mostly_monotonic_local_reversals,0.49843260188087773,9.039491735864588e-06,3.862465138427771e-05
H_MIXED,15,focus_index_agreement,166,153,319,-0.09214415779305968,non_monotonic,0.47962382445141066,0.6396122685185186,0.8547222222222222
H_MIXED,15,axial_error_kF_mean,210,109,319,0.9838682506665105,mostly_monotonic_local_reversals,0.34169278996865204,0.0567924009049188,0.9389574752552421
H_FINE,3,total_mse,203,116,319,0.970137037471069,mostly_monotonic_local_reversals,0.36363636363636365,3.4476384615099995e-05,0.0012742394318602432
H_FINE,3,sampling_mse,211,108,319,0.9701216564614888,mostly_monotonic_local_reversals,0.3385579937304075,3.73203665181e-05,0.0013057831914157372
H_FINE,3,fusion_mse,152,167,319,-0.7545652301292004,weakly_monotonic_trend,0.47648902821316613,6.2579049835101e-06,1.5084387708299459e-05
H_FINE,3,focus_index_agreement,151,168,319,-0.33041850994638616,non_monotonic,0.47335423197492166,0.5634211033950617,0.8382489390432101
H_FINE,3,axial_error_kF_mean,217,102,319,0.9813523569566108,mostly_monotonic_local_reversals,0.31974921630094044,0.049766815221655804,1.0030733484115941
H_FINE,7,total_mse,202,117,319,0.9711067735036476,mostly_monotonic_local_reversals,0.3667711598746082,3.36796600859e-05,0.0012444830116836
H_FINE,7,sampling_mse,211,108,319,0.9701216564614888,mostly_monotonic_local_reversals,0.3385579937304075,3.73203665181e-05,0.0013057831914157372
H_FINE,7,fusion_mse,149,170,319,-0.8752255881405092,weakly_monotonic_trend,0.4670846394984326,3.963710962514865e-06,2.0528513907709892e-05
H_FINE,7,focus_index_agreement,149,170,319,-0.6727320335159523,weakly_monotonic_trend,0.4670846394984326,0.5800597993827161,0.8485083912037037
H_FINE,7,axial_error_kF_mean,214,105,319,0.9835005712946415,mostly_monotonic_local_reversals,0.329153605015674,0.04708155634888689,0.9918217965055554
H_FINE,15,total_mse,209,110,319,0.9708951015146632,mostly_monotonic_local_reversals,0.3448275862068966,5.2975354319800036e-05,0.0012129368051502
H_FINE,15,sampling_mse,211,108,319,0.9701216564614888,mostly_monotonic_local_reversals,0.3385579937304075,3.73203665181e-05,0.0013057831914157372
H_FINE,15,fusion_mse,163,156,319,-0.9102972196994111,mostly_monotonic_local_reversals,0.4890282131661442,7.833310691267104e-06,3.755326342397197e-05
H_FINE,15,focus_index_agreement,161,158,319,-0.5147983622886941,weakly_monotonic_trend,0.4952978056426332,0.6326972415123457,0.8553539737654322
H_FINE,15,axial_error_kF_mean,206,113,319,0.9845900594732371,mostly_monotonic_local_reversals,0.3542319749216301,0.06055395165601238,0.9890531900643529
P_LF,3,total_mse,210,109,319,0.9784863621715055,mostly_monotonic_local_reversals,0.34169278996865204,3.82081087486999e-05,0.0014651862976867
P_LF,3,sampling_mse,212,107,319,0.9790561919549997,mostly_monotonic_local_reversals,0.335423197492163,5.0362023090600046e-05,0.0015125724267894048
P_LF,3,fusion_mse,147,172,319,-0.8675314212052851,weakly_monotonic_trend,0.4608150470219436,1.0711496745491464e-05,4.2209275848546914e-05
P_LF,3,focus_index_agreement,174,145,319,0.5791279699997071,weakly_monotonic_trend,0.45454545454545453,0.5493928433641975,0.8218340084876543
P_LF,3,axial_error_kF_mean,211,108,319,0.9777085225441654,mostly_monotonic_local_reversals,0.3385579937304075,0.08640048457078159,0.9382843790672982
P_LF,7,total_mse,205,114,319,0.9788738171271205,mostly_monotonic_local_reversals,0.3573667711598746,3.687552608140003e-05,0.0014360979300432
P_LF,7,sampling_mse,212,107,319,0.9790561919549997,mostly_monotonic_local_reversals,0.335423197492163,5.0362023090600046e-05,0.0015125724267894048
P_LF,7,fusion_mse,151,168,319,-0.949695675739021,mostly_monotonic_local_reversals,0.47335423197492166,8.467166928708698e-06,2.9539467796597082e-05
P_LF,7,focus_index_agreement,174,145,319,0.4298635512062714,non_monotonic,0.45454545454545453,0.5895230516975309,0.83724006558642
P_LF,7,axial_error_kF_mean,215,104,319,0.9785149269035831,mostly_monotonic_local_reversals,0.32601880877742945,0.0653390043355156,0.9256933835532805
P_LF,15,total_mse,207,112,319,0.9789606099668943,mostly_monotonic_local_reversals,0.3510971786833856,4.96475943464e-05,0.0013972940278579999
P_LF,15,sampling_mse,212,107,319,0.9790561919549997,mostly_monotonic_local_reversals,0.335423197492163,5.0362023090600046e-05,0.0015125724267894048
P_LF,15,fusion_mse,162,157,319,-0.9298867664723288,mostly_monotonic_local_reversals,0.49216300940438873,1.2027640803980427e-05,5.0189015071039655e-05
P_LF,15,focus_index_agreement,174,145,319,0.36443053317450763,non_monotonic,0.45454545454545453,0.6329745370370371,0.8547487461419755
P_LF,15,axial_error_kF_mean,214,105,319,0.981383485190285,mostly_monotonic_local_reversals,0.329153605015674,0.053602298100391105,0.895375605802663
P_COARSE,3,total_mse,224,95,319,0.9728733923182843,mostly_monotonic_local_reversals,0.29780564263322884,8.036247329070009e-05,0.0024969967456615
P_COARSE,3,sampling_mse,222,97,319,0.9743247004365276,mostly_monotonic_local_reversals,0.30407523510971785,7.72783932701999e-05,0.002540624118027833
P_COARSE,3,fusion_mse,158,161,319,-0.8818705504936573,weakly_monotonic_trend,0.4952978056426332,7.535453838662568e-06,1.9391558145227344e-05
P_COARSE,3,focus_index_agreement,165,154,319,-0.037122432836258164,non_monotonic,0.4827586206896552,0.5598726851851852,0.8345023148148147
P_COARSE,3,axial_error_kF_mean,217,102,319,0.9794476752702663,mostly_monotonic_local_reversals,0.31974921630094044,0.06446090469578081,0.9707230058708506
P_COARSE,7,total_mse,216,103,319,0.9739189347552222,mostly_monotonic_local_reversals,0.322884012539185,7.773209590520008e-05,0.0024675928053474
P_COARSE,7,sampling_mse,222,97,319,0.9743247004365276,mostly_monotonic_local_reversals,0.30407523510971785,7.72783932701999e-05,0.002540624118027833
P_COARSE,7,fusion_mse,152,167,319,-0.9126223156476138,mostly_monotonic_local_reversals,0.47648902821316613,4.6886579993938495e-06,2.4962553901058388e-05
P_COARSE,7,focus_index_agreement,169,150,319,-0.4147038789441303,non_monotonic,0.4702194357366771,0.6305661651234569,0.8440364583333334
P_COARSE,7,axial_error_kF_mean,215,104,319,0.9821203087920781,mostly_monotonic_local_reversals,0.32601880877742945,0.04599543989106021,0.957566339645835
P_COARSE,15,total_mse,214,105,319,0.9743781677555445,mostly_monotonic_local_reversals,0.329153605015674,7.635876731300014e-05,0.002434515988386
P_COARSE,15,sampling_mse,222,97,319,0.9743247004365276,mostly_monotonic_local_reversals,0.30407523510971785,7.72783932701999e-05,0.002540624118027833
P_COARSE,15,fusion_mse,154,165,319,-0.9285559429291301,mostly_monotonic_local_reversals,0.4827586206896552,8.188802333176077e-06,4.6478346191892025e-05
P_COARSE,15,focus_index_agreement,164,155,319,-0.22871011923944573,non_monotonic,0.48589341692789967,0.637244888117284,0.8563864776234569
P_COARSE,15,axial_error_kF_mean,210,109,319,0.9833269856150939,mostly_monotonic_local_reversals,0.34169278996865204,0.0472501090783644,0.9399866346858734
P_MIXED,3,total_mse,219,100,319,0.9680887996953096,mostly_monotonic_local_reversals,0.31347962382445144,0.00012383611443139995,0.0030068694907489
P_MIXED,3,sampling_mse,217,102,319,0.9672790994052676,mostly_monotonic_local_reversals,0.31974921630094044,0.00012496485517239994,0.0030451450971623155
P_MIXED,3,fusion_mse,147,172,319,-0.828086822136935,weakly_monotonic_trend,0.4608150470219436,6.317696573320111e-06,1.4816747844765672e-05
P_MIXED,3,focus_index_agreement,165,154,319,-0.21357154366741865,non_monotonic,0.4827586206896552,0.5586019483024691,0.8450154320987655
P_MIXED,3,axial_error_kF_mean,217,102,319,0.9794700143556089,mostly_monotonic_local_reversals,0.31974921630094044,0.04752898837487,1.019759504750238
P_MIXED,7,total_mse,216,103,319,0.9681261535757186,mostly_monotonic_local_reversals,0.322884012539185,0.0001226711526881,0.0029761691629802
P_MIXED,7,sampling_mse,217,102,319,0.9672790994052676,mostly_monotonic_local_reversals,0.31974921630094044,0.00012496485517239994,0.0030451450971623155
P_MIXED,7,fusion_mse,148,171,319,-0.8788119268742859,weakly_monotonic_trend,0.46394984326018807,3.7644162158695166e-06,2.353096277164933e-05
P_MIXED,7,focus_index_agreement,159,160,319,-0.5123004599929397,weakly_monotonic_trend,0.49843260188087773,0.596710551697531,0.8497328317901235
P_MIXED,7,axial_error_kF_mean,214,105,319,0.9816288489145402,mostly_monotonic_local_reversals,0.329153605015674,0.04500586356674789,1.0083373161097022
P_MIXED,15,total_mse,217,102,319,0.9673787097530249,mostly_monotonic_local_reversals,0.31974921630094044,0.00010634460084899997,0.0029423509786327003
P_MIXED,15,sampling_mse,217,102,319,0.9672790994052676,mostly_monotonic_local_reversals,0.31974921630094044,0.00012496485517239994,0.0030451450971623155
P_MIXED,15,fusion_mse,158,161,319,-0.9248011455189993,mostly_monotonic_local_reversals,0.4952978056426332,7.044739482113627e-06,4.3566560693502785e-05
P_MIXED,15,focus_index_agreement,173,146,319,-0.43888195064911256,non_monotonic,0.45768025078369906,0.6280820794753087,0.8558603395061729
P_MIXED,15,axial_error_kF_mean,201,118,319,0.9830545220168165,mostly_monotonic_local_reversals,0.36990595611285265,0.05051408591778478,0.9953894572461673
P_FINE,3,total_mse,222,97,319,0.9583716637857791,mostly_monotonic_local_reversals,0.30407523510971785,0.00023912141486230002,0.0032787760915611998
P_FINE,3,sampling_mse,221,98,319,0.9578329622359594,mostly_monotonic_local_reversals,0.3072100313479624,0.0002392789962777001,0.0033116019253725286
P_FINE,3,fusion_mse,154,165,319,-0.72128658482993,weakly_monotonic_trend,0.4827586206896552,2.8050258720969362e-06,9.867398104409153e-06
P_FINE,3,focus_index_agreement,152,167,319,-0.5450755134327484,weakly_monotonic_trend,0.47648902821316613,0.541584201388889,0.8484408757716051
P_FINE,3,axial_error_kF_mean,211,108,319,0.9818471127647731,mostly_monotonic_local_reversals,0.3385579937304075,0.046716407625256,1.0542814214558258
P_FINE,7,total_mse,222,97,319,0.9583409017666189,mostly_monotonic_local_reversals,0.30407523510971785,0.00023840616571489995,0.003248540674291
P_FINE,7,sampling_mse,221,98,319,0.9578329622359594,mostly_monotonic_local_reversals,0.3072100313479624,0.0002392789962777001,0.0033116019253725286
P_FINE,7,fusion_mse,153,166,319,-0.8833006181700993,weakly_monotonic_trend,0.47962382445141066,3.879226883540239e-06,2.0904349797622476e-05
P_FINE,7,focus_index_agreement,151,168,319,-0.7394933055986874,weakly_monotonic_trend,0.47335423197492166,0.5692259837962963,0.8508043981481481
P_FINE,7,axial_error_kF_mean,214,105,319,0.9823557847244602,mostly_monotonic_local_reversals,0.329153605015674,0.04706478432002559,1.0461402015785135
P_FINE,15,total_mse,222,97,319,0.9585690534087248,mostly_monotonic_local_reversals,0.30407523510971785,0.00022089699059489988,0.0032123661009
P_FINE,15,sampling_mse,221,98,319,0.9578329622359594,mostly_monotonic_local_reversals,0.3072100313479624,0.0002392789962777001,0.0033116019253725286
P_FINE,15,fusion_mse,150,169,319,-0.9192068526059826,mostly_monotonic_local_reversals,0.4702194357366771,7.587549323593873e-06,3.9510043886890574e-05
P_FINE,15,focus_index_agreement,153,166,319,-0.6245074414789207,weakly_monotonic_trend,0.47962382445141066,0.567034625771605,0.8531857638888891
P_FINE,15,axial_error_kF_mean,206,113,319,0.9825974863035771,mostly_monotonic_local_reversals,0.3542319749216301,0.06390767024978011,1.0369940109484532
