condition,window,landmark_delta,actual_delta,plateau_mse,plateau_axial_error_mean,ramp_mse,ramp_axial_error_mean,hard_step_mse,hard_step_axial_error_mean,protrusion_mse,protrusion_axial_error_mean
H_LF,3,0.1,0.1,5.456128328903677e-05,0.1505949779372033,0.0001684448316252,0.0936362737218262,0.0004068377741012,1.2233013397535162,0.0042933268032771,0.0111914414566064
H_LF,3,0.25,0.25,6.952015889225547e-05,0.2980815979864301,0.000202818405175,0.1982127869283057,0.0005395319396619,2.0311414975167743,0.0043672403056018,0.005549139221963
H_LF,3,0.5,0.5,7.147447795425713e-05,0.4020529959972759,0.0002936441828684,0.2990003648531326,0.0004470849220666,2.232786088302487,0.0043375879900752,0.0048705481393885
H_LF,3,1.0,1.0,5.838711261581999e-05,0.3254873492578352,0.0004777845968621,0.4655820514503611,0.0004165357393534,2.526515867599965,0.0043683226388892,0.011250168192056
H_LF,3,2.0,2.0,0.0001605648237537,1.113355291841697,0.0009045260874662,0.6510087495055167,0.0002939801591534,2.2323036178568967,0.0044174722521869,0.0198448784005194
H_LF,7,0.1,0.1,6.262236029433664e-05,0.1885329680523407,0.0002183602678256,0.1050350298808566,0.0005039459537732,1.6320783999211388,0.004349750308523,0.0076025344419245
H_LF,7,0.25,0.25,7.521860179122382e-05,0.3195417623501399,0.0002329139524069,0.1846927042275137,0.000568873763382,2.0282823922559508,0.0043359352686749,0.0051736015674535
H_LF,7,0.5,0.5,7.149804124427786e-05,0.3527437869838546,0.0002905303010971,0.2622253900846496,0.000428820317516,2.185842894797176,0.0043385577417079,0.0053679476359929
H_LF,7,1.0,1.0,5.8393378837736505e-05,0.2918425063082768,0.0004634382062005,0.4367330305423454,0.0004415016600302,2.792456665444125,0.0043765675633436,0.0112688490072626
H_LF,7,2.0,2.0,0.0001579357855331,1.0854052976363584,0.0008988872321085,0.6111703765304786,0.0002909531454111,2.226197425157231,0.0044616389149851,0.0245702083114698
H_LF,15,0.1,0.1,8.45182897361389e-05,0.3182641090114022,0.0002673641106809,0.1705018052655532,0.0007507227323139,3.0830288217604247,0.0043451961642543,0.0136384235120714
H_LF,15,0.25,0.25,9.106874630525164e-05,0.4256202065585955,0.0002785604422582,0.215920720352736,0.0006171763861691,2.2710995331606463,0.0043401145449257,0.0112730075251219
H_LF,15,0.5,0.5,6.65850519467308e-05,0.3110207489776822,0.0003279271564808,0.2562565017295161,0.0002994238392325,1.660722326344065,0.0043610636818857,0.0133121592380094
H_LF,15,1.0,1.0,5.288424341790684e-05,0.2520773012325618,0.0004748385532554,0.4568213633244635,0.0004103840965773,2.9332477062540865,0.0043920573229932,0.0147838436176492
H_LF,15,2.0,2.0,0.0001536312581538,1.030319631521046,0.0008998043214536,0.5839434670132508,0.0002875735559555,2.369165540487685,0.0044661952187344,0.0269492607521194
H_COARSE,3,0.1,0.1,6.162609700507947e-05,0.145925773761186,0.0001685682223078,0.0817226720773713,0.0003139675035196,1.082413831410927,0.0042381190852741,0.0115177057306684
H_COARSE,3,0.25,0.25,6.754819007486597e-05,0.2586337181814294,0.000199399613839,0.164507648540176,0.0003425843932351,1.5826153624786172,0.0043062217874068,0.0051413088793855
H_COARSE,3,0.5,0.5,7.193105905160632e-05,0.2943787212324261,0.0002932183541477,0.232879445524912,0.0003140620519762,1.3627960140765514,0.0042823166350228,0.0048705481393885
H_COARSE,3,1.0,1.0,6.266247045344452e-05,0.2550470734171076,0.000495895284964,0.3987389109805653,0.0003548116231976,1.9083053354712427,0.0043028054644543,0.013783760677543
H_COARSE,3,2.0,2.0,0.0002998720486374,0.9992201972003794,0.0009894770432969,0.5760818990773537,0.0003507103745972,1.9662767638747989,0.0043503258434778,0.0223784708860064
H_COARSE,7,0.1,0.1,7.197822825994803e-05,0.192081553192012,0.000217858219867,0.0993555925490848,0.0003965916914851,1.5848838258606848,0.0042957304883765,0.0067868737567696
H_COARSE,7,0.25,0.25,7.292461534685119e-05,0.2862650856426066,0.0002307315980511,0.1631018246096487,0.0003728767550591,1.6991315711628308,0.004284569401867,0.0051736015674535
H_COARSE,7,0.5,0.5,6.725862369299185e-05,0.2507392634156339,0.0002877740110777,0.2073191507296963,0.0003061698432021,1.2370063697883162,0.0042765268663726,0.0059367031296548
H_COARSE,7,1.0,1.0,5.333399669070258e-05,0.2129345042333605,0.0004782535337322,0.3938551018804445,0.0003887294409303,2.098449738228197,0.004315944266472,0.0112688490072626
H_COARSE,7,2.0,2.0,0.0002980918777032,0.96893859230458,0.0009868746088378,0.5526588776387583,0.0003461087196083,1.9405375912363587,0.0043894563616602,0.0245702083114698
H_COARSE,15,0.1,0.1,0.0001009607764108,0.3340121244037869,0.0002671131178717,0.1690019769065434,0.0006299778237396,3.1766937157791526,0.0042916340728936,0.0136384235120714
H_COARSE,15,0.25,0.25,8.991118864743692e-05,0.3964237532474289,0.0002798925989382,0.2029383213991117,0.000426809443205,2.165518133331162,0.004284977800521,0.0116808378676994
H_COARSE,15,0.5,0.5,6.494023996622347e-05,0.2170330316179443,0.0003290099500142,0.2128827399060906,0.000283554670286,1.1163956883412005,0.0043064567752641,0.0133121592380094
H_COARSE,15,1.0,1.0,4.623971502736583e-05,0.172737626402092,0.0004925302569876,0.4249473866518458,0.0004198737770412,2.334746246472912,0.0043305508644272,0.0147838436176492
H_COARSE,15,2.0,2.0,0.000295544252583,0.9495368040364416,0.00098887856746,0.5433067701883103,0.0003357814621716,1.873997814928899,0.0043925417577154,0.0269492607521194
H_MIXED,3,0.1,0.1,6.167935886678354e-05,0.1362037043879324,0.0001684571446814,0.0710469169159797,0.0002193784195029,0.8374794478565676,0.0044388917558029,0.0113545735936374
H_MIXED,3,0.25,0.25,5.9869726488703504e-05,0.2095615928567456,0.0001999830284817,0.1359070144434314,0.0002100844712372,1.0687725807266693,0.0045101159983839,0.0043256481942305
H_MIXED,3,0.5,0.5,7.182166562607557e-05,0.2311290914218952,0.0003022777105334,0.1931536851625115,0.0001548736745136,0.8176367505652007,0.0044993714956673,0.0048705481393885
H_MIXED,3,1.0,1.0,6.419832132830748e-05,0.1993897099113094,0.0005355049402525,0.3665676023179826,0.0002593825128802,1.5870953711241085,0.0045271439387633,0.012152439307233
H_MIXED,3,2.0,2.0,0.0005114970335181,1.0077404026053691,0.0010898975013114,0.5510664303460222,0.0004063611332514,2.17301675303327,0.004562281123315,0.0223784708860064
H_MIXED,7,0.1,0.1,7.498016980617099e-05,0.1961951580687091,0.0002182800580003,0.0954558054564586,0.0002884512056779,1.4074655908053038,0.004505551029488,0.0074394023048935
H_MIXED,7,0.25,0.25,6.301451139882283e-05,0.2408551455313031,0.0002325033603961,0.1424933047443837,0.0002599108118109,1.3626665807161171,0.0045070301448676,0.0051736015674535
H_MIXED,7,0.5,0.5,6.99553611123625e-05,0.207675149669737,0.0002981775958794,0.1770261795446652,0.0001396195652009,0.7094959284971439,0.0044952799924834,0.0059367031296548
H_MIXED,7,1.0,1.0,5.8993763926547565e-05,0.1788574144316367,0.0005160508411606,0.3648370926467248,0.0002630982080603,1.7259423305664974,0.0045322733454548,0.0112688490072626
H_MIXED,7,2.0,2.0,0.0005107686604257,0.9833446760655904,0.0010875953705146,0.540295502306324,0.0004061268241986,2.140061876528665,0.0046119249157665,0.0245702083114698
H_MIXED,15,0.1,0.1,0.0001082873978333,0.344404254742097,0.0002709046687335,0.1624374440097215,0.0004929585936877,2.9911294512173106,0.0045022041170958,0.0131490271009784
H_MIXED,15,0.25,0.25,7.967380676032672e-05,0.3512006997700112,0.0002834592720768,0.1900574694405093,0.0003328530931881,1.9001394159925324,0.0045097956146595,0.0116808378676994
H_MIXED,15,0.5,0.5,7.26251498030153e-05,0.1931092248241734,0.0003434203072624,0.1893664729705911,0.0001389237542409,0.6675434849123664,0.0045333989557694,0.0133121592380094
H_MIXED,15,1.0,1.0,5.728756268179263e-05,0.1617533914730403,0.0005321161763722,0.3969711911407952,0.000289711951459,2.0535116005228105,0.0045452366968508,0.0147838436176492
H_MIXED,15,2.0,2.0,0.0005104496027913,0.973820539060674,0.0010905304159283,0.5404330363559803,0.0004063908774064,2.1341152279636364,0.0046113259397626,0.0245203278776483
H_FINE,3,0.1,0.1,5.658075353168295e-05,0.1152830232106012,0.0001648799894925,0.0586852869877361,0.0001909851468779,0.6059028558333123,0.0046268964527289,0.0115177057306684
H_FINE,3,0.25,0.25,6.151333420317302e-05,0.1674685098241656,0.000203006019098,0.1117374906717333,0.0002184531160476,0.7864831627747698,0.0047157375098685,0.0051413088793855
H_FINE,3,0.5,0.5,0.0001045806588054,0.208149858694058,0.0003280159913987,0.1712358488370093,0.0001953692212144,0.5630274131649831,0.0046909055397542,0.0048705481393885
H_FINE,3,1.0,1.0,9.562026579841644e-05,0.1786818299466601,0.0006154367365588,0.3361979985560141,0.0002874101059828,1.3741270445853515,0.0047228746807474,0.013783760677543
H_FINE,3,2.0,2.0,0.0007648084952827,1.066526789337818,0.0012524956700857,0.5539351524056598,0.0006295162816007,1.922226136558635,0.0047632971101024,0.0223784708860064
H_FINE,7,0.1,0.1,7.141895334157971e-05,0.1760056318841705,0.0002193910451933,0.0867460536172233,0.0002968147284813,1.244034214950709,0.004687379113955,0.0079287987159865
H_FINE,7,0.25,0.25,6.435671896418537e-05,0.2001574744998533,0.0002375316082548,0.1230463974702752,0.0002560200811521,1.050529023503049,0.0046978417294331,0.0051736015674535
H_FINE,7,0.5,0.5,9.849964815806012e-05,0.1841185415071872,0.0003267821708516,0.1651730095235177,0.0001890860384495,0.5134893316092684,0.0046859923476005,0.0059367031296548
H_FINE,7,1.0,1.0,9.4446375505692e-05,0.167817179156922,0.0006010393813367,0.3452196547652625,0.0002883965375325,1.4996786682509808,0.0047330818602203,0.0112688490072626
H_FINE,7,2.0,2.0,0.000766657196126,1.030551810977267,0.0012528144956293,0.5434039115341308,0.0006302749639409,1.8441445547493316,0.0048042869230523,0.0245702083114698
H_FINE,15,0.1,0.1,0.0001047919499588,0.3177341764338562,0.0002690096104905,0.1429377737851528,0.0004983509736595,2.8064458235543106,0.0046824494639672,0.0136384235120714
H_FINE,15,0.25,0.25,7.935677149383085e-05,0.2901436202465975,0.0002868258079617,0.1644397447167422,0.0003270999674337,1.51474956776808,0.0047010350587826,0.0116808378676994
H_FINE,15,0.5,0.5,0.0001010367582059,0.1814344611407053,0.0003750577934388,0.1805948905588419,0.0001897228971491,0.4567446679543099,0.0047230574712467,0.0133121592380094
H_FINE,15,1.0,1.0,9.423328498949696e-05,0.1602833823375538,0.0006158203373637,0.3798136990495024,0.0003146349525795,1.7460924284646482,0.00475029850062,0.0147838436176492
H_FINE,15,2.0,2.0,0.0007693164731105,1.0211466681823145,0.00125440280363,0.5445726221702423,0.0006345993369237,1.6880174454917851,0.0048041182234104,0.0245203278776483
P_LF,3,0.1,0.1,0.0001481639695313,0.1525187346589768,0.0002224589470242,0.0911389917266507,0.0003299221358561,0.958730754056382,0.004269720491641,0.0118439700047304
P_LF,3,0.25,0.25,0.0001671433537051,0.2759976863242741,0.0002589681437685,0.1987447065104108,0.0003410818843034,1.4792351445213694,0.0043369965371538,0.0051413088793855
P_LF,3,0.5,0.5,0.0001953555562526,0.2801746411692175,0.0003612085747947,0.2879143244645452,0.0002887843417539,1.3734327781751152,0.0043295975649251,0.0048705481393885
P_LF,3,1.0,1.0,0.0001581642379046,0.2158975658231774,0.0005887226847636,0.4369689644281934,0.0003417243545495,1.901090648348392,0.0043656279911005,0.013783760677543
P_LF,3,2.0,2.0,0.0018084427151333,1.060742404782366,0.0012419826553562,0.5734975350450736,0.0004478854269361,2.330528481600004,0.0044492705951421,0.0260548069659881
P_LF,7,0.1,0.1,0.0001706921862773,0.2032487221070691,0.0002754542751073,0.1033150910991969,0.0003934381858134,1.3890872132405083,0.0043245667513953,0.0067868737567696
P_LF,7,0.25,0.25,0.000157280214435,0.2675859050364929,0.0002885680334176,0.183167310051509,0.0003573483122235,1.542479571855548,0.0043283877870129,0.0051736015674535
P_LF,7,0.5,0.5,0.0001758525634857,0.2248038410948861,0.000352670739786,0.2509006693807387,0.0002447851553461,1.148541865156944,0.0043292726634889,0.0053679476359929
P_LF,7,1.0,1.0,0.0001491781516249,0.1830656089951834,0.0005647667723651,0.4194411082218506,0.0003112684955371,1.871409255736986,0.0043694782618973,0.0112688490072626
P_LF,7,2.0,2.0,0.0018140601794283,1.0296954696805367,0.0012370612885927,0.5492006110175806,0.0004429577220231,2.2680808396346523,0.00445576285245,0.0245702083114698
P_LF,15,0.1,0.1,0.0002341040779121,0.3472377266179628,0.0003351698003124,0.1697579380323398,0.0006012100085705,2.808655365355502,0.0043216473261161,0.0134752913750404
P_LF,15,0.25,0.25,0.0001875507345865,0.3648122119274651,0.000340354815899,0.2132608411012123,0.0004344278832168,1.8992806906849364,0.0043303760159,0.0112730075251219
P_LF,15,0.5,0.5,0.0001737219955938,0.1954491336237991,0.0003948539079385,0.2262423123240755,0.0001976186927976,0.827356273193473,0.0043513595158415,0.0133121592380094
P_LF,15,1.0,1.0,0.0001462391421918,0.1625904800085257,0.0005747306290199,0.4330599916676642,0.0002897742642115,1.9300619833515584,0.004383719458707,0.0147838436176492
P_LF,15,2.0,2.0,0.0018290495679288,1.0006027065244338,0.0012368683952175,0.5365223772394927,0.0004393079972758,2.290124613801697,0.0044579296191067,0.0269492607521194
P_COARSE,3,0.1,0.1,0.00014162660085,0.1320884670015518,0.0002169074131995,0.0801396069891465,0.0002290143273152,0.8554169950115701,0.0049048373138194,0.0114310953006464
P_COARSE,3,0.25,0.25,0.0001635150453838,0.1823681671446993,0.0002567586278009,0.1565610468392805,0.0002289435111931,1.0140190329885697,0.0049838455379467,0.0059569695645405
P_COARSE,3,0.5,0.5,0.0003045194262856,0.1898448651758512,0.0003798003208508,0.2044257931437541,0.0001882889479552,0.7389216677087254,0.0049840076338826,0.0065018695096985
P_COARSE,3,1.0,1.0,0.0002986586515739,0.1745999313622969,0.0007087283276186,0.3600758508631335,0.0003043247984887,1.4977778072328751,0.00499083499056,0.011250168192056
P_COARSE,3,2.0,2.0,0.0024757703165539,1.0699346248481902,0.001665707346376,0.5602825276634068,0.0006468660199306,2.391019231089892,0.0050772293518565,0.0216795978110532
P_COARSE,7,0.1,0.1,0.0001630540732832,0.1814731623025178,0.0002729075277071,0.1031333096921151,0.0003153979287007,1.3871746361344477,0.0050193152847887,0.0076025344419245
P_COARSE,7,0.25,0.25,0.000163526748053,0.2041682808173928,0.0002901729114544,0.1530487393752568,0.0002540985063891,1.1684230512371716,0.0049605095019116,0.0051736015674535
P_COARSE,7,0.5,0.5,0.0003041239443563,0.1782199843172288,0.0003727070061329,0.1832582936995296,0.0001770766362879,0.6941321403898533,0.0049778555718396,0.0081818136461018
P_COARSE,7,1.0,1.0,0.0002972490128226,0.163544821009077,0.0006947173065799,0.3580719326036843,0.0003129189884592,1.6227717040015048,0.0050078154870756,0.0112688490072626
P_COARSE,7,2.0,2.0,0.0024763269666296,1.0525459478710726,0.001665294561006,0.5448280101418619,0.0006475728396804,2.351462893692108,0.0051172671258321,0.0221412754369987
P_COARSE,15,0.1,0.1,0.0002284599686466,0.3095807579285751,0.0003365841114607,0.1750940626506128,0.0005359521352528,2.9353824036309693,0.0049885142518654,0.0131490271009784
P_COARSE,15,0.25,0.25,0.0001800001332429,0.2649538169769938,0.0003531125117795,0.1955178418251085,0.0002833315380319,1.3103744843677685,0.0049656154740196,0.0116808378676994
P_COARSE,15,0.5,0.5,0.0003062763228474,0.1752007728263789,0.000421466033043,0.1813899213179002,0.0001831655569188,0.7648965793288411,0.0049807825898611,0.0133121592380094
P_COARSE,15,1.0,1.0,0.0002970782734694,0.1603037991311023,0.0007134218805803,0.3839851126135138,0.0003365029230865,1.8952581192803983,0.005021495097501,0.0147838436176492
P_COARSE,15,2.0,2.0,0.0024788666972276,1.0476027501994936,0.0016706862910281,0.5403439852195099,0.0006583419822546,2.3338626418135027,0.0051245866241907,0.0245203278776483
P_MIXED,3,0.1,0.1,0.0001365871024422,0.1024085124325774,0.0002159156924958,0.0689494839298779,0.0002284262151019,0.6113487169035501,0.0046581447076383,0.0123333664158234
P_MIXED,3,0.25,0.25,0.000223398928983,0.1448874616509298,0.0002669943893284,0.1297359180115563,0.0002506647452664,0.7725632684952101,0.0047318649259653,0.004733478536808
P_MIXED,3,0.5,0.5,0.0005697687319451,0.174727973984496,0.0004476102828422,0.1722161196385356,0.000248078791865,0.47347950803896,0.0047308426344072,0.0048705481393885
P_MIXED,3,1.0,1.0,0.0005692818584734,0.165383207427395,0.0009248395346707,0.3358407447901113,0.0003796399555777,1.2374675076693606,0.0047378000503931,0.0088212353175849
P_MIXED,3,2.0,2.0,0.0026828308646444,1.0714273660923517,0.0020446174288863,0.5602468054803953,0.0007635561787519,2.172493241298749,0.0048107409131416,0.0174159455260483
P_MIXED,7,0.1,0.1,0.0001643582156897,0.1557575382001185,0.0002753980339479,0.0964420164896351,0.0003371242547562,1.219611258371754,0.0047451307404221,0.0084181951270795
P_MIXED,7,0.25,0.25,0.000234580906526,0.1697986493405294,0.0003012264278591,0.1319157965942444,0.0002874432756743,0.9932939694997271,0.004727215907519,0.0051736015674535
P_MIXED,7,0.5,0.5,0.0005702859096872,0.172598353996076,0.0004441323888704,0.1603095582495195,0.000243515930203,0.4541122214804818,0.0047268937391888,0.0059367031296548
P_MIXED,7,1.0,1.0,0.0005690786600926,0.1631417334343331,0.0009124780049807,0.3414546247538527,0.0003821329987801,1.3912645172610902,0.0047549596738117,0.0112688490072626
P_MIXED,7,2.0,2.0,0.0026829280997446,1.0379421046810096,0.002045663340072,0.546665654583275,0.0007654424897243,2.193363283252574,0.0048287936410575,0.0203065560264649
P_MIXED,15,0.1,0.1,0.0002057333538459,0.2334427695661479,0.0003392375259314,0.1670449703620222,0.0005051829963961,2.616519138567849,0.0047334098510116,0.0131490271009784
P_MIXED,15,0.25,0.25,0.0002390087791798,0.1870056318841703,0.0003643001684917,0.1702281535198717,0.0003655450884491,1.4904852549471903,0.0047339273314074,0.0116808378676994
P_MIXED,15,0.5,0.5,0.0005734615536717,0.1702846954781185,0.0004935870943583,0.1681303491794382,0.0002492569466279,0.477716142196769,0.004751662449966,0.0133121592380094
P_MIXED,15,1.0,1.0,0.0005693422343279,0.1589971243440032,0.0009273405846211,0.3745041872608358,0.0004192799511138,1.701576530595828,0.004761795741735,0.0147838436176492
P_MIXED,15,2.0,2.0,0.0026835646783673,1.0293151359019042,0.002048886827594,0.5399432205438519,0.0007668776903054,2.177805296141771,0.0048362388783266,0.0245203278776483
P_FINE,3,0.1,0.1,0.0001681579729679,0.0830198511359897,0.0002154133658272,0.0564552455707028,0.0002233172384883,0.506167214602543,0.0047200587979826,0.0089841132451814
P_FINE,3,0.25,0.25,0.0004216461774401,0.1285774333897836,0.0002968621281269,0.1042997231337999,0.0002601583325175,0.6121423574922337,0.0047838212301875,0.0043256481942305
P_FINE,3,0.5,0.5,0.0011357125626894,0.1740456175239967,0.0006207230020977,0.1551640179848993,0.0003766456443653,0.5461323300701317,0.0047673219043365,0.0048705481393885
P_FINE,3,1.0,1.0,0.0011363469147198,0.1667578392367047,0.0012871878400443,0.3374013321314137,0.0005605274668591,1.4767558348694076,0.0048010117487334,0.009618846821746
P_FINE,3,2.0,2.0,0.0027561101428794,1.33275419872915,0.0023789672847687,0.5566953678013331,0.0009397786195112,2.200695483197753,0.0048610219413379,0.018922139847648
P_FINE,7,0.1,0.1,0.0001913594599074,0.1269510461263428,0.000270750467686,0.0802355431853426,0.0003085203073212,0.9636416174082748,0.0047765754921957,0.0077656665789555
P_FINE,7,0.25,0.25,0.0004300408390668,0.1530377737517236,0.0003344031256291,0.1127389205316782,0.0002898044813041,0.7707596514512814,0.004780251230977,0.0051736015674535
P_FINE,7,0.5,0.5,0.001138620560416,0.1720332507881044,0.0006273860226348,0.15516495102267,0.0003832267362931,0.5495871633069171,0.0047673198353893,0.0053679476359929
P_FINE,7,1.0,1.0,0.0011363808781721,0.1623863120730415,0.0012794667747885,0.3509269293510761,0.000567612697368,1.6187257430237203,0.0048175012816764,0.0112688490072626
P_FINE,7,2.0,2.0,0.0027570568334363,1.3329577838478084,0.0023791859512811,0.5479372758732187,0.000938217277293,2.1988422335171305,0.0048785521620918,0.0221412754369987
P_FINE,15,0.1,0.1,0.0001874840760803,0.1204362220753591,0.0003286216509294,0.1227741416545604,0.0004422206799823,1.7917040837326277,0.0047768978579369,0.0131490271009784
P_FINE,15,0.25,0.25,0.0004291365537579,0.1525902813715628,0.0003885442111887,0.1506226325501593,0.0003231076342857,0.9841299975859958,0.0047774940025812,0.0108651771825445
P_FINE,15,0.5,0.5,0.0011412638929822,0.1727434640198938,0.000677678074697,0.1710246109801063,0.000389906721244,0.6228180836636336,0.0048075617853626,0.0133121592380094
P_FINE,15,1.0,1.0,0.0011365806482812,0.1585683716794863,0.0013022367735624,0.3925860984771762,0.0005861799716925,1.9714749436797756,0.0048360044709124,0.0147838436176492
P_FINE,15,2.0,2.0,0.0027598426449114,1.3766357233222422,0.0023827346881178,0.5492550656417629,0.0009346546299822,2.237251982745755,0.004883125166813,0.0245203278776483
